Time, Roll1,Pitch1,Yaw1,Acc1x,Acc1y,Acc1z,Gyro1x,Gyro1y,Gyro1z,Q1w,Q1x,Q1y,Q1z, Roll2,Pitch2,Yaw2,Acc2x,Acc2y,Acc2z,Gyro2x,Gyro2y,Gyro2z,Q2w,Q2x,Q2y,Q2z, Roll3,Pitch3,Yaw3,Acc3x,Acc3y,Acc3z,Gyro3x,Gyro3y,Gyro3z,Q3w,Q3x,Q3y,Q3z
-1297279528,-10.0,21.0,-101.0,2129.0,-1038.0,9614.0,82,59,-50,-526,-63,101,-841,-31.0,-9.0,39.0,-895.0,-3016.0,9061.0,97,37,-47,900,-126,107,-402,-8.0,5.0,48.0,423.0,-666.0,-7744.0,34,31,-28,50,-885,-462,-4
-1297268084,-10.0,21.0,-101.0,2127.0,-1039.0,9616.0,83,59,-51,-526,-63,101,-841,-31.0,-9.0,39.0,-894.0,-3012.0,9059.0,98,38,-47,900,-126,107,-402,-8.0,5.0,48.0,428.0,-659.0,-7741.0,34,32,-28,50,-885,-462,-4
-1297248072,-10.0,21.0,-101.0,2126.0,-1033.0,9626.0,83,58,-50,-526,-63,101,-841,-31.0,-9.0,39.0,-893.0,-3009.0,9060.0,99,37,-47,900,-126,107,-402,-8.0,5.0,48.0,426.0,-660.0,-7733.0,33,32,-28,50,-885,-462,-4
-1297149640,-10.0,21.0,-101.0,2121.0,-1035.0,9623.0,1339,-50,-526,-63,101,-841,-31,-9.0,39.0,0.0,-3019.0,9056.0,98.0,38,-48,900,-126,107,-402,-8,5.0,48.0,0.0,-663.0,-7737.0,33.0,31,-28,50,-885,-462,-4,0
-1297129628,-10.0,21.0,-101.0,2126.0,-1028.0,9623.0,83,59,-49,-526,-63,101,-841,-31.0,-9.0,39.0,-891.0,-3019.0,9058.0,97,38,-48,900,-126,107,-402,-8.0,5.0,48.0,427.0,-663.0,-7731.0,33,33,-28,50,-885,-462,-4
-1297118204,-10.0,21.0,-101.0,2130.0,-1030.0,9627.0,82,58,-50,-526,-63,101,-841,-31.0,-9.0,39.0,-891.0,-3014.0,9051.0,97,38,-47,900,-126,107,-402,-8.0,5.0,48.0,425.0,-656.0,-7728.0,34,32,-28,50,-885,-462,-4
-1297098204,-10.0,21.0,-101.0,2123.0,-1031.0,9621.0,83,60,-49,-526,-63,101,-841,-31.0,-9.0,39.0,-887.0,-3020.0,9048.0,98,37,-47,900,-126,107,-402,-8.0,5.0,48.0,427.0,-658.0,-7726.0,33,32,-28,50,-885,-462,-4
-1297089196,-10.0,21.0,-101.0,2121.0,-1031.0,9623.0,84,59,-50,-526,-63,101,-841,-31.0,-9.0,39.0,-888.0,-3013.0,9050.0,97,38,-48,900,-126,107,-402,-8.0,5.0,48.0,427.0,-655.0,-7727.0,34,31,-29,50,-885,-462,-4
-1297069168,-10.0,21.0,-101.0,2123.0,-1030.0,9631.0,83,59,-50,-526,-63,101,-841,-31.0,-9.0,39.0,-887.0,-3010.0,9051.0,98,38,-48,900,-126,107,-402,-8.0,5.0,48.0,428.0,-657.0,-7731.0,34,32,-28,50,-885,-462,-4
-1297057740,-10.0,21.0,-101.0,2129.0,-1029.0,9635.0,83,58,-50,-526,-63,101,-841,-31.0,-9.0,39.0,-896.0,-3014.0,9052.0,97,38,-47,900,-126,107,-402,-8.0,5.0,48.0,423.0,-659.0,-7731.0,35,31,-29,50,-885,-462,-4
-1297037736,-10.0,21.0,-101.0,2128.0,-1024.0,9636.0,83,59,-50,-526,-63,101,-841,-31.0,-9.0,39.0,-893.0,-3011.0,9055.0,97,38,-47,900,-126,107,-402,-8.0,5.0,48.0,423.0,-663.0,-7733.0,34,31,-29,50,-885,-462,-4
-1297028724,-10.0,21.0,-101.0,2132.0,-1027.0,9632.0,84,59,-50,-526,-63,101,-841,-31.0,-9.0,39.0,-891.0,-3014.0,9056.0,98,37,-47,900,-126,107,-402,-8.0,5.0,48.0,425.0,-663.0,-7731.0,33,32,-29,50,-885,-462,-4
-1297008716,-10.0,21.0,-101.0,2125.0,-1027.0,9629.0,83,59,-49,-526,-63,101,-841,-31.0,-9.0,39.0,-891.0,-3016.0,9051.0,98,38,-48,900,-126,107,-402,-8.0,5.0,48.0,425.0,-665.0,-7730.0,33,32,-28,50,-885,-462,-4
-1296999720,-10.0,21.0,-101.0,2128.0,-1031.0,9625.0,82,59,-50,-526,-63,101,-841,-31.0,-9.0,39.0,-888.0,-3017.0,9063.0,99,37,-48,900,-126,107,-402,-8.0,5.0,48.0,427.0,-665.0,-7735.0,32,32,-29,50,-885,-462,-4
-1296979704,-10.0,21.0,-101.0,2125.0,-1034.0,9630.0,83,59,-49,-526,-63,101,-841,-31.0,-9.0,39.0,-886.0,-3017.0,9057.0,98,37,-48,900,-126,107,-402,-8.0,5.0,48.0,421.0,-667.0,-7733.0,33,32,-28,50,-885,-462,-4
-1296968276,-10.0,21.0,-101.0,2127.0,-1034.0,9623.0,84,58,-51,-526,-63,101,-841,-31.0,-9.0,39.0,-893.0,-3022.0,9066.0,98,39,-47,900,-126,107,-402,-8.0,5.0,48.0,421.0,-669.0,-7730.0,33,31,-28,50,-885,-462,-4
-1296948276,-10.0,21.0,-101.0,2131.0,-1037.0,9623.0,82,59,-50,-526,-63,101,-841,-31.0,-9.0,39.0,-892.0,-3018.0,9062.0,96,38,-47,900,-126,107,-402,-8.0,5.0,48.0,421.0,-668.0,-7732.0,34,33,-28,50,-885,-462,-4
-1296939276,-10.0,21.0,-101.0,2130.0,-1033.0,9625.0,83,58,-51,-526,-63,101,-841,-31.0,-9.0,39.0,-891.0,-3014.0,9056.0,98,38,-48,900,-126,107,-402,-8.0,5.0,48.0,421.0,-665.0,-7737.0,34,32,-28,50,-885,-462,-4
-1296919264,-10.0,21.0,-101.0,2136.0,-1033.0,9623.0,83,58,-50,-526,-63,101,-841,-31.0,-9.0,39.0,-892.0,-3018.0,9056.0,98,37,-47,900,-126,107,-402,-8.0,5.0,48.0,421.0,-668.0,-7738.0,35,31,-28,50,-885,-462,-4
-1296907844,-10.0,21.0,-101.0,2136.0,-1033.0,9631.0,83,58,-50,-526,-63,101,-841,-31.0,-9.0,39.0,-896.0,-3012.0,9050.0,97,38,-46,900,-126,107,-402,-8.0,5.0,48.0,421.0,-671.0,-7745.0,34,32,-28,50,-885,-462,-4
-1296887844,-10.0,21.0,-101.0,2135.0,-1030.0,9629.0,82,58,-49,-526,-63,101,-841,-31.0,-9.0,39.0,-892.0,-3010.0,9052.0,98,38,-47,900,-126,107,-402,-8.0,5.0,48.0,424.0,-669.0,-7743.0,33,31,-27,50,-885,-462,-4
-1296878848,-10.0,21.0,-101.0,2132.0,-1032.0,9626.0,83,58,-50,-526,-63,101,-841,-31.0,-9.0,39.0,-890.0,-3013.0,9068.0,96,38,-48,900,-126,107,-402,-8.0,5.0,48.0,427.0,-670.0,-7749.0,34,32,-29,50,-885,-462,-4
-1296858824,-10.0,21.0,-101.0,2129.0,-1032.0,9628.0,83,59,-50,-526,-63,101,-841,-31.0,-9.0,39.0,-890.0,-3014.0,9064.0,96,38,-48,900,-126,107,-402,-8.0,5.0,48.0,428.0,-672.0,-7742.0,34,33,-28,50,-885,-462,-4
-1296849820,-10.0,21.0,-101.0,2129.0,-1031.0,9635.0,82,59,-50,-526,-63,101,-841,-31.0,-9.0,39.0,-889.0,-3017.0,9068.0,98,37,-47,900,-126,107,-402,-8.0,5.0,48.0,432.0,-666.0,-7740.0,33,32,-29,50,-885,-462,-4
-1296829800,-10.0,21.0,-101.0,2136.0,-1027.0,9632.0,83,60,-50,-526,-63,101,-841,-31.0,-9.0,39.0,-888.0,-3015.0,9069.0,97,38,-47,900,-126,107,-402,-8.0,5.0,48.0,432.0,-667.0,-7744.0,33,33,-27,50,-885,-462,-4
-1296818376,-10.0,21.0,-101.0,2136.0,-1027.0,9636.0,82,60,-51,-526,-63,101,-841,-31.0,-9.0,39.0,-889.0,-3018.0,9062.0,97,38,-47,900,-126,107,-402,-8.0,5.0,48.0,426.0,-667.0,-7742.0,33,31,-28,50,-885,-462,-4
-1296798376,-10.0,21.0,-101.0,2131.0,-1036.0,9635.0,82,60,-49,-526,-63,101,-841,-31.0,-9.0,39.0,-890.0,-3024.0,9067.0,97,37,-47,900,-126,107,-402,-8.0,5.0,48.0,428.0,-664.0,-7748.0,33,32,-28,50,-885,-462,-4
-1296789364,-10.0,21.0,-101.0,2132.0,-1039.0,9634.0,82,59,-49,-526,-63,101,-841,-31.0,-9.0,39.0,-896.0,-3017.0,9065.0,97,38,-48,900,-126,107,-402,-8.0,5.0,48.0,427.0,-669.0,-7760.0,33,31,-28,50,-885,-462,-4
-1296769348,-10.0,21.0,-101.0,2137.0,-1040.0,9630.0,83,59,-50,-526,-63,101,-841,-31.0,-9.0,39.0,-892.0,-3016.0,9062.0,98,38,-47,900,-126,107,-402,-8.0,5.0,48.0,423.0,-666.0,-7755.0,35,32,-28,50,-885,-462,-4
-1296757928,-10.0,21.0,-101.0,2136.0,-1036.0,9624.0,82,58,-50,-526,-63,101,-841,-31.0,-9.0,39.0,-889.0,-3016.0,9065.0,98,38,-48,900,-126,107,-402,-8.0,5.0,48.0,428.0,-668.0,-7749.0,35,32,-28,50,-885,-462,-4
-1296737924,-10.0,21.0,-101.0,2135.0,-1035.0,9625.0,83,59,-50,-526,-63,101,-841,-31.0,-9.0,39.0,-888.0,-3012.0,9062.0,97,37,-47,900,-126,107,-402,-8.0,5.0,48.0,428.0,-665.0,-7754.0,34,32,-29,50,-885,-462,-4
-1296728908,-10.0,21.0,-101.0,2136.0,-1036.0,9625.0,83,59,-49,-526,-63,101,-841,-31.0,-9.0,39.0,-888.0,-3014.0,9069.0,98,38,-47,900,-126,107,-402,-8.0,5.0,48.0,429.0,-667.0,-7755.0,34,31,-29,50,-885,-462,-4
-1296708928,-10.0,21.0,-101.0,2130.0,-1035.0,9622.0,83,60,-50,-526,-63,101,-841,-31.0,-9.0,39.0,-891.0,-3018.0,9072.0,98,38,-47,900,-126,107,-402,-8.0,5.0,48.0,425.0,-669.0,-7755.0,33,33,-27,50,-885,-462,-4
-1296699932,-10.0,21.0,-101.0,2131.0,-1036.0,9622.0,83,59,-50,-526,-63,101,-841,-31.0,-9.0,39.0,-889.0,-3019.0,9065.0,98,38,-46,900,-126,107,-402,-8.0,5.0,48.0,429.0,-670.0,-7750.0,34,32,-28,50,-885,-462,-4
-1296679916,-10.0,21.0,-101.0,2130.0,-1032.0,9620.0,83,60,-50,-526,-63,101,-841,-31.0,-9.0,39.0,-891.0,-3017.0,9065.0,97,38,-47,900,-126,107,-402,-8.0,5.0,48.0,428.0,-669.0,-7745.0,34,31,-28,50,-885,-462,-4
-1296668492,-10.0,21.0,-101.0,2131.0,-1029.0,9622.0,83,58,-50,-526,-63,101,-841,-31.0,-9.0,39.0,-893.0,-3014.0,9057.0,98,37,-48,900,-126,107,-402,-8.0,5.0,48.0,423.0,-671.0,-7740.0,33,32,-29,50,-885,-462,-4
-1296648508,-10.0,21.0,-101.0,2135.0,-1030.0,9627.0,82,57,-50,-526,-63,101,-841,-31.0,-9.0,39.0,-896.0,-3013.0,9058.0,98,37,-48,900,-126,107,-402,-8.0,5.0,48.0,425.0,-668.0,-7742.0,34,32,-27,50,-885,-462,-4
-1296639512,-10.0,21.0,-101.0,2131.0,-1033.0,9634.0,83,59,-51,-526,-63,101,-841,-31.0,-9.0,39.0,-895.0,-3014.0,9049.0,98,37,-48,900,-126,107,-402,-8.0,5.0,48.0,428.0,-665.0,-7739.0,34,31,-29,50,-885,-462,-4
-1296619508,-10.0,21.0,-101.0,2127.0,-1034.0,9640.0,82,59,-50,-526,-63,101,-841,-31.0,-9.0,39.0,-892.0,-3014.0,9049.0,98,39,-47,900,-126,107,-402,-8.0,5.0,48.0,424.0,-667.0,-7739.0,34,32,-29,50,-885,-462,-4
-1296608080,-10.0,21.0,-101.0,2128.0,-1032.0,9634.0,82,59,-49,-526,-63,101,-841,-31.0,-9.0,39.0,-887.0,-3014.0,9050.0,97,39,-48,900,-126,107,-402,-8.0,5.0,48.0,422.0,-664.0,-7735.0,34,32,-29,50,-885,-462,-4
-1296588100,-10.0,21.0,-101.0,2129.0,-1031.0,9624.0,84,58,-50,-526,-63,101,-841,-31.0,-9.0,39.0,-887.0,-3014.0,9044.0,98,37,-48,900,-126,107,-402,-8.0,5.0,48.0,422.0,-662.0,-7744.0,34,32,-29,50,-885,-462,-4
-1296579104,-10.0,21.0,-101.0,2124.0,-1032.0,9626.0,83,57,-50,-526,-63,101,-841,-31.0,-9.0,39.0,-890.0,-3013.0,9059.0,97,38,-48,900,-126,107,-402,-8.0,5.0,48.0,428.0,-656.0,-7740.0,34,32,-28,50,-885,-462,-4
-1296559088,-10.0,21.0,-101.0,2120.0,-1036.0,9620.0,83,59,-50,-526,-63,101,-841,-31.0,-9.0,39.0,-888.0,-3012.0,9058.0,97,39,-47,900,-126,107,-402,-8.0,5.0,48.0,427.0,-654.0,-7742.0,32,32,-28,50,-885,-462,-4
-1296547660,-10.0,21.0,-101.0,2122.0,-1036.0,9625.0,83,59,-51,-526,-63,101,-841,-31.0,-9.0,39.0,-887.0,-3013.0,9058.0,98,38,-48,900,-126,107,-402,-8.0,5.0,48.0,429.0,-659.0,-7736.0,33,32,-28,50,-885,-462,-4
-1296527672,-10.0,21.0,-101.0,2121.0,-1028.0,9625.0,84,60,-51,-526,-63,101,-841,-31.0,-9.0,39.0,-888.0,-3014.0,9060.0,97,37,-47,900,-126,107,-402,-8.0,5.0,48.0,431.0,-655.0,-7736.0,33,32,-28,50,-885,-462,-4
-1296518676,-10.0,21.0,-101.0,2121.0,-1029.0,9624.0,82,59,-50,-526,-63,101,-841,-31.0,-9.0,39.0,-887.0,-3013.0,9060.0,98,38,-47,900,-126,107,-402,-8.0,5.0,48.0,432.0,-658.0,-7738.0,34,32,-29,50,-885,-462,-4
-1296498676,-10.0,21.0,-101.0,2122.0,-1024.0,9628.0,83,60,-49,-526,-63,101,-841,-31.0,-9.0,39.0,-888.0,-3015.0,9060.0,97,37,-48,900,-126,107,-402,-8.0,5.0,48.0,430.0,-663.0,-7735.0,34,32,-28,50,-885,-462,-4
-1296489672,-10.0,21.0,-101.0,2121.0,-1030.0,9623.0,83,59,-49,-526,-63,101,-841,-31.0,-9.0,39.0,-886.0,-3016.0,9050.0,98,39,-47,900,-126,107,-402,-8.0,5.0,48.0,430.0,-667.0,-7736.0,34,32,-29,50,-885,-462,-4
-1296469688,-10.0,21.0,-101.0,2123.0,-1035.0,9624.0,83,59,-50,-526,-63,101,-841,-31.0,-9.0,39.0,-885.0,-3019.0,9045.0,97,37,-47,900,-126,107,-402,-8.0,5.0,48.0,430.0,-665.0,-7739.0,33,29,-27,50,-885,-462,-4
-1296458268,-10.0,21.0,-101.0,2125.0,-1034.0,9627.0,83,61,-50,-526,-63,101,-841,-31.0,-9.0,39.0,-887.0,-3017.0,9059.0,98,38,-47,900,-126,107,-402,-8.0,5.0,48.0,429.0,-667.0,-7743.0,33,31,-27,50,-885,-462,-4
-1296438252,-10.0,21.0,-101.0,2126.0,-1029.0,9634.0,84,58,-49,-526,-63,101,-841,-31.0,-9.0,39.0,-889.0,-3018.0,9060.0,99,40,-46,900,-126,107,-402,-8.0,5.0,48.0,427.0,-668.0,-7743.0,33,32,-28,50,-885,-462,-4
-1296429252,-10.0,21.0,-101.0,2129.0,-1030.0,9632.0,83,57,-51,-526,-63,101,-841,-31.0,-9.0,39.0,-896.0,-3021.0,9053.0,98,37,-47,900,-126,107,-402,-8.0,5.0,48.0,430.0,-665.0,-7749.0,34,32,-29,50,-885,-462,-4
-1296409252,-10.0,21.0,-101.0,2131.0,-1030.0,9627.0,82,60,-50,-526,-63,101,-841,-31.0,-9.0,39.0,-892.0,-3021.0,9054.0,97,37,-48,900,-126,107,-402,-8.0,5.0,48.0,432.0,-665.0,-7745.0,34,32,-29,50,-885,-462,-4
-1296397816,-10.0,21.0,-101.0,2133.0,-1026.0,9625.0,84,60,-49,-526,-63,101,-841,-31.0,-9.0,39.0,-890.0,-3015.0,9052.0,97,38,-48,900,-126,107,-402,-8.0,5.0,48.0,425.0,-665.0,-7745.0,34,31,-28,50,-885,-462,-4
-1296377808,-10.0,21.0,-101.0,2130.0,-1022.0,9627.0,84,59,-51,-526,-63,101,-841,-31.0,-9.0,39.0,-892.0,-3014.0,9055.0,97,38,-47,900,-126,107,-402,-8.0,5.0,48.0,421.0,-660.0,-7742.0,32,31,-28,50,-885,-462,-4
-1296368808,-10.0,21.0,-101.0,2131.0,-1024.0,9631.0,83,58,-49,-526,-63,101,-841,-31.0,-9.0,39.0,-897.0,-3009.0,9058.0,98,38,-48,900,-126,107,-402,-8.0,5.0,48.0,424.0,-663.0,-7735.0,34,32,-29,50,-885,-462,-4
-1296348792,-10.0,21.0,-101.0,2130.0,-1028.0,9631.0,84,58,-50,-526,-63,101,-841,-31.0,-9.0,39.0,-894.0,-3008.0,9058.0,98,39,-48,900,-126,107,-402,-8.0,5.0,48.0,426.0,-668.0,-7742.0,34,31,-29,50,-885,-462,-4
-1296339776,-10.0,21.0,-101.0,2131.0,-1027.0,9634.0,83,59,-50,-526,-63,101,-841,-31.0,-9.0,39.0,-896.0,-3009.0,9059.0,98,38,-47,900,-126,107,-402,-8.0,5.0,48.0,428.0,-670.0,-7750.0,34,31,-28,50,-885,-462,-4
-1296319744,-10.0,21.0,-101.0,2127.0,-1025.0,9628.0,83,59,-49,-526,-63,101,-841,-31.0,-9.0,39.0,-897.0,-3012.0,9061.0,97,38,-47,900,-126,107,-402,-8.0,5.0,48.0,430.0,-670.0,-7752.0,33,32,-29,50,-885,-462,-4
-1296308308,-10.0,21.0,-101.0,2128.0,-1029.0,9629.0,83,59,-50,-526,-63,101,-841,-31.0,-9.0,39.0,-893.0,-3013.0,9057.0,98,38,-48,900,-126,107,-402,-8.0,5.0,48.0,433.0,-662.0,-7750.0,34,32,-28,50,-885,-462,-4
-1296288316,-10.0,21.0,-101.0,2128.0,-1032.0,9635.0,83,58,-50,-526,-63,101,-841,-31.0,-9.0,39.0,-892.0,-3020.0,9058.0,98,38,-47,900,-126,107,-402,-8.0,5.0,48.0,436.0,-662.0,-7749.0,34,30,-29,50,-885,-462,-4
-1296279308,-10.0,21.0,-101.0,2125.0,-1030.0,9631.0,82,58,-51,-526,-63,101,-841,-31.0,-9.0,39.0,-896.0,-3022.0,9061.0,97,38,-47,900,-126,107,-402,-8.0,5.0,48.0,431.0,-666.0,-7745.0,33,32,-29,50,-885,-462,-4
-1296259292,-10.0,21.0,-101.0,2122.0,-1031.0,9630.0,82,58,-50,-526,-63,101,-841,-31.0,-9.0,39.0,-893.0,-3019.0,9061.0,98,37,-48,900,-126,107,-402,-8.0,5.0,48.0,425.0,-668.0,-7747.0,33,31,-28,50,-885,-462,-4
-1296247868,-10.0,21.0,-101.0,2122.0,-1028.0,9625.0,82,59,-50,-526,-63,101,-841,-31.0,-9.0,39.0,-887.0,-3017.0,9062.0,98,37,-48,900,-126,107,-402,-8.0,5.0,48.0,423.0,-667.0,-7745.0,34,31,-28,50,-885,-462,-4
-1296227876,-10.0,21.0,-101.0,2129.0,-1033.0,9625.0,84,59,-51,-526,-63,101,-841,-31.0,-9.0,39.0,-891.0,-3019.0,9068.0,97,38,-47,900,-126,107,-402,-8.0,5.0,48.0,421.0,-668.0,-7739.0,33,31,-29,50,-885,-462,-4
-1296218856,-10.0,21.0,-101.0,2128.0,-1034.0,9624.0,84,59,-50,-526,-63,101,-841,-31.0,-9.0,39.0,-890.0,-3017.0,9064.0,99,38,-47,900,-126,107,-402,-8.0,5.0,48.0,419.0,-672.0,-7738.0,34,32,-28,50,-885,-462,-4
-1296198868,-10.0,21.0,-101.0,2131.0,-1034.0,9619.0,82,59,-51,-526,-63,101,-841,-31.0,-9.0,39.0,-891.0,-3018.0,9061.0,99,38,-47,900,-126,107,-402,-8.0,5.0,48.0,416.0,-677.0,-7738.0,34,32,-28,50,-885,-462,-4
-1296189860,-10.0,21.0,-101.0,2131.0,-1034.0,9619.0,83,57,-51,-526,-63,101,-841,-31.0,-9.0,39.0,-891.0,-3014.0,9064.0,97,38,-48,900,-126,107,-402,-8.0,5.0,48.0,420.0,-675.0,-7738.0,33,31,-29,50,-885,-462,-4
-1296169852,-10.0,21.0,-101.0,2128.0,-1035.0,9626.0,84,60,-50,-526,-63,101,-841,-31.0,-9.0,39.0,-886.0,-3017.0,9071.0,98,38,-47,900,-126,107,-402,-8.0,5.0,48.0,422.0,-671.0,-7737.0,34,32,-29,50,-885,-462,-4
-1296158420,-10.0,21.0,-101.0,2132.0,-1034.0,9624.0,82,60,-49,-526,-63,101,-841,-31.0,-9.0,39.0,-885.0,-3014.0,9065.0,98,37,-47,900,-126,107,-402,-8.0,5.0,48.0,424.0,-664.0,-7731.0,34,31,-28,50,-885,-462,-4
-1296138420,-10.0,21.0,-101.0,2127.0,-1037.0,9631.0,82,60,-50,-526,-63,101,-841,-31.0,-9.0,39.0,-888.0,-3014.0,9058.0,97,38,-47,900,-126,107,-402,-8.0,5.0,48.0,424.0,-661.0,-7738.0,34,31,-29,50,-885,-462,-4
-1296129420,-10.0,21.0,-101.0,2126.0,-1036.0,9630.0,84,57,-49,-526,-63,101,-841,-31.0,-9.0,39.0,-888.0,-3012.0,9062.0,98,38,-47,900,-126,107,-402,-8.0,5.0,48.0,424.0,-665.0,-7740.0,34,32,-27,50,-885,-462,-4
-1296109412,-10.0,21.0,-101.0,2121.0,-1038.0,9638.0,84,59,-51,-526,-63,101,-841,-31.0,-9.0,39.0,-890.0,-3016.0,9062.0,98,39,-48,900,-126,107,-402,-8.0,5.0,48.0,425.0,-667.0,-7745.0,33,32,-28,50,-885,-462,-4
-1296097980,-10.0,21.0,-101.0,2128.0,-1040.0,9637.0,83,58,-50,-526,-63,101,-841,-31.0,-9.0,39.0,-895.0,-3011.0,9069.0,97,38,-47,900,-126,107,-402,-8.0,5.0,48.0,432.0,-668.0,-7741.0,33,32,-28,50,-885,-462,-4
-1296077984,-10.0,21.0,-101.0,2125.0,-1037.0,9635.0,84,59,-50,-526,-63,101,-841,-31.0,-9.0,39.0,-892.0,-3017.0,9071.0,98,38,-46,900,-126,107,-402,-8.0,5.0,48.0,431.0,-667.0,-7739.0,33,33,-28,50,-885,-462,-4
-1296068976,-10.0,21.0,-101.0,2126.0,-1030.0,9628.0,83,60,-50,-526,-63,101,-841,-31.0,-9.0,39.0,-889.0,-3016.0,9064.0,98,39,-47,900,-126,107,-402,-8.0,5.0,48.0,427.0,-667.0,-7738.0,33,31,-29,50,-885,-462,-4
-1296048964,-10.0,21.0,-101.0,2128.0,-1029.0,9628.0,83,60,-49,-526,-63,101,-841,-31.0,-9.0,39.0,-889.0,-3020.0,9068.0,97,38,-47,900,-126,107,-402,-8.0,5.0,48.0,426.0,-668.0,-7740.0,34,31,-30,50,-885,-462,-4
-1296039964,-10.0,21.0,-101.0,2129.0,-1036.0,9630.0,83,61,-50,-526,-63,101,-841,-31.0,-9.0,39.0,-888.0,-3017.0,9073.0,98,38,-47,900,-126,107,-402,-8.0,5.0,48.0,428.0,-668.0,-7739.0,35,32,-29,50,-885,-462,-4
-1296019976,-10.0,21.0,-101.0,2129.0,-1032.0,9628.0,83,59,-50,-526,-63,101,-841,-31.0,-9.0,39.0,-883.0,-3016.0,9073.0,97,39,-47,900,-126,107,-402,-8.0,5.0,48.0,428.0,-671.0,-7738.0,34,30,-29,50,-885,-462,-4
-1296008540,-10.0,21.0,-101.0,2130.0,-1029.0,9623.0,83,60,-50,-526,-63,101,-841,-31.0,-9.0,39.0,-886.0,-3015.0,9073.0,97,38,-47,900,-126,107,-402,-8.0,5.0,48.0,432.0,-663.0,-7744.0,33,32,-29,50,-885,-462,-4
-1295988532,-10.0,21.0,-101.0,2130.0,-1025.0,9623.0,83,59,-50,-526,-63,101,-841,-31.0,-9.0,39.0,-888.0,-3014.0,9069.0,97,38,-47,900,-126,107,-402,-8.0,5.0,48.0,432.0,-663.0,-7740.0,34,33,-28,50,-885,-462,-4
-1295979524,-10.0,21.0,-101.0,2132.0,-1025.0,9622.0,83,59,-49,-526,-63,101,-841,-31.0,-9.0,39.0,-889.0,-3014.0,9067.0,99,38,-48,900,-126,107,-402,-8.0,5.0,48.0,432.0,-665.0,-7743.0,34,32,-28,50,-885,-462,-4
-1295959504,-10.0,21.0,-101.0,2126.0,-1021.0,9622.0,83,58,-51,-526,-63,101,-841,-31.0,-9.0,39.0,-891.0,-3010.0,9060.0,96,38,-46,900,-126,107,-402,-8.0,5.0,48.0,434.0,-667.0,-7745.0,33,33,-28,50,-885,-462,-4
-1295948084,-10.0,21.0,-101.0,2128.0,-1020.0,9631.0,83,59,-50,-526,-63,101,-841,-31.0,-9.0,39.0,-891.0,-3012.0,9066.0,98,38,-47,900,-126,107,-402,-8.0,5.0,48.0,434.0,-671.0,-7744.0,34,33,-28,50,-885,-462,-4
-1295928084,-10.0,21.0,-101.0,2131.0,-1024.0,9640.0,83,59,-50,-526,-63,101,-841,-31.0,-9.0,39.0,-894.0,-3014.0,9070.0,97,39,-47,900,-126,107,-402,-8.0,5.0,48.0,433.0,-671.0,-7749.0,34,32,-29,50,-885,-462,-4
-1295919076,-10.0,21.0,-101.0,2135.0,-1025.0,9636.0,83,58,-51,-526,-63,101,-841,-31.0,-9.0,39.0,-898.0,-3018.0,9064.0,98,37,-47,900,-126,107,-402,-8.0,5.0,48.0,430.0,-669.0,-7748.0,33,32,-28,50,-885,-462,-4
-1295899076,-10.0,21.0,-101.0,2127.0,-1030.0,9632.0,83,59,-49,-526,-63,101,-841,-31.0,-9.0,39.0,-894.0,-3015.0,9069.0,98,39,-48,900,-126,107,-402,-8.0,5.0,48.0,432.0,-671.0,-7743.0,33,32,-29,50,-885,-462,-4
-1295890068,-10.0,21.0,-101.0,2124.0,-1028.0,9630.0,82,60,-49,-526,-63,101,-841,-31.0,-9.0,39.0,-889.0,-3011.0,9062.0,97,39,-47,900,-126,107,-402,-8.0,5.0,48.0,428.0,-669.0,-7735.0,32,32,-30,50,-885,-462,-4
-1295870040,-10.0,21.0,-101.0,2121.0,-1029.0,9624.0,83,58,-50,-526,-63,101,-841,-31.0,-9.0,39.0,-887.0,-3008.0,9060.0,98,38,-47,900,-126,107,-402,-8.0,5.0,48.0,428.0,-665.0,-7731.0,33,32,-28,50,-885,-462,-4
-1295858624,-10.0,21.0,-101.0,2120.0,-1030.0,9624.0,83,59,-50,-526,-63,101,-841,-31.0,-9.0,39.0,-884.0,-3012.0,9067.0,97,38,-47,900,-126,107,-402,-8.0,5.0,48.0,435.0,-670.0,-7735.0,34,31,-28,50,-885,-462,-4
-1295838636,-10.0,21.0,-101.0,2125.0,-1033.0,9618.0,82,58,-50,-526,-63,101,-841,-31.0,-9.0,39.0,-884.0,-3014.0,9070.0,99,38,-47,900,-126,107,-402,-8.0,5.0,48.0,431.0,-670.0,-7738.0,33,33,-28,50,-885,-462,-4
-1295829624,-10.0,21.0,-101.0,2127.0,-1029.0,9614.0,83,60,-49,-526,-63,101,-841,-31.0,-9.0,39.0,-889.0,-3014.0,9067.0,97,40,-48,900,-126,107,-402,-8.0,5.0,48.0,429.0,-670.0,-7733.0,34,31,-29,50,-885,-462,-4
-1295809608,-10.0,21.0,-101.0,2124.0,-1035.0,9617.0,84,59,-50,-526,-63,101,-841,-31.0,-9.0,39.0,-888.0,-3019.0,9072.0,97,38,-48,900,-126,107,-402,-8.0,5.0,48.0,428.0,-665.0,-7735.0,33,32,-28,50,-885,-462,-4
-1295798196,-10.0,21.0,-101.0,2123.0,-1033.0,9624.0,82,58,-50,-526,-63,101,-841,-31.0,-9.0,39.0,-888.0,-3017.0,9064.0,98,37,-47,900,-126,107,-402,-8.0,5.0,48.0,430.0,-661.0,-7735.0,35,32,-29,50,-885,-462,-4
-1295778208,-10.0,21.0,-101.0,2118.0,-1027.0,9636.0,83,58,-50,-526,-63,101,-841,-31.0,-9.0,39.0,-887.0,-3013.0,9058.0,98,38,-48,900,-126,107,-402,-8.0,5.0,48.0,426.0,-662.0,-7736.0,34,31,-28,50,-885,-462,-4
-1295769196,-10.0,21.0,-101.0,2121.0,-1031.0,9639.0,84,58,-49,-526,-63,101,-841,-31.0,-9.0,39.0,-886.0,-3017.0,9061.0,97,38,-48,900,-126,107,-402,-8.0,5.0,48.0,423.0,-662.0,-7735.0,33,32,-27,50,-885,-462,-4
-1295749184,-10.0,21.0,-101.0,2130.0,-1031.0,9647.0,83,60,-50,-526,-63,101,-841,-31.0,-9.0,39.0,-888.0,-3013.0,9062.0,97,39,-47,900,-126,107,-402,-8.0,5.0,48.0,421.0,-663.0,-7746.0,34,32,-28,50,-885,-462,-4
-1295737760,-10.0,21.0,-101.0,2128.0,-1029.0,9645.0,83,59,-50,-526,-63,101,-841,-31.0,-9.0,39.0,-890.0,-3013.0,9061.0,97,38,-47,900,-126,107,-402,-8.0,5.0,48.0,420.0,-666.0,-7739.0,34,32,-28,50,-885,-462,-4
-1295717764,-10.0,21.0,-101.0,2136.0,-1029.0,9642.0,84,60,-49,-526,-63,101,-841,-31.0,-9.0,39.0,-887.0,-3015.0,9059.0,98,38,-47,900,-126,107,-402,-8.0,5.0,48.0,424.0,-666.0,-7743.0,33,32,-29,50,-885,-462,-4
-1295708752,-10.0,21.0,-101.0,2138.0,-1028.0,9642.0,84,60,-49,-526,-63,101,-841,-31.0,-9.0,39.0,-885.0,-3020.0,9059.0,99,38,-47,900,-126,107,-402,-8.0,5.0,48.0,427.0,-668.0,-7744.0,34,33,-28,50,-885,-462,-4
-1295688752,-10.0,21.0,-101.0,2137.0,-1033.0,9629.0,82,59,-51,-526,-63,101,-841,-31.0,-9.0,39.0,-888.0,-3016.0,9057.0,98,38,-46,900,-126,107,-402,-8.0,5.0,48.0,422.0,-668.0,-7738.0,33,31,-28,50,-885,-462,-4
-1295679756,-10.0,21.0,-101.0,2133.0,-1031.0,9629.0,82,59,-51,-526,-63,101,-841,-31.0,-9.0,39.0,-886.0,-3016.0,9057.0,97,38,-48,900,-126,107,-402,-8.0,5.0,48.0,420.0,-667.0,-7744.0,33,32,-29,50,-885,-462,-4
-1295659744,-10.0,21.0,-101.0,2132.0,-1033.0,9633.0,82,60,-51,-526,-63,101,-841,-31.0,-9.0,39.0,-882.0,-3016.0,9055.0,97,38,-48,900,-126,107,-402,-8.0,5.0,48.0,420.0,-671.0,-7739.0,34,32,-28,50,-885,-462,-4
-1295648332,-10.0,21.0,-101.0,2132.0,-1033.0,9633.0,82,59,-50,-526,-63,101,-841,-31.0,-9.0,39.0,-886.0,-3012.0,9059.0,97,38,-48,900,-126,107,-402,-8.0,5.0,48.0,431.0,-669.0,-7732.0,34,32,-28,50,-885,-462,-4
-1295628324,-10.0,21.0,-101.0,2135.0,-1032.0,9629.0,83,59,-50,-526,-63,101,-841,-31.0,-9.0,39.0,-887.0,-3010.0,9057.0,97,37,-48,900,-126,107,-402,-8.0,5.0,48.0,427.0,-668.0,-7732.0,35,31,-29,50,-885,-462,-4
-1295619328,-10.0,21.0,-101.0,2133.0,-1032.0,9634.0,83,60,-49,-526,-63,101,-841,-31.0,-9.0,39.0,-886.0,-3007.0,9057.0,96,38,-47,900,-126,107,-402,-8.0,5.0,48.0,426.0,-672.0,-7732.0,35,32,-27,50,-885,-462,-4
-1295599312,-10.0,21.0,-101.0,2128.0,-1030.0,9633.0,83,59,-50,-526,-63,101,-841,-31.0,-9.0,39.0,-889.0,-3012.0,9059.0,98,38,-47,900,-126,107,-402,-8.0,5.0,48.0,426.0,-669.0,-7740.0,35,33,-29,50,-885,-462,-4
-1295587888,-10.0,21.0,-101.0,2127.0,-1029.0,9632.0,82,59,-50,-526,-63,101,-841,-31.0,-9.0,39.0,-889.0,-3008.0,9063.0,98,38,-48,900,-126,107,-402,-8.0,5.0,48.0,429.0,-665.0,-7749.0,35,32,-29,50,-885,-462,-4
-1295567860,-10.0,21.0,-101.0,2121.0,-1031.0,9628.0,84,58,-50,-526,-63,101,-841,-31.0,-9.0,39.0,-888.0,-3012.0,9067.0,97,38,-48,900,-126,107,-402,-8.0,5.0,48.0,433.0,-669.0,-7755.0,34,32,-28,50,-885,-462,-4
-1295558856,-10.0,21.0,-101.0,2122.0,-1025.0,9625.0,83,60,-51,-526,-63,101,-841,-31.0,-9.0,39.0,-893.0,-3019.0,9064.0,98,38,-47,900,-126,107,-402,-8.0,5.0,48.0,432.0,-670.0,-7751.0,34,32,-28,50,-885,-462,-4
-1295538852,-10.0,21.0,-101.0,2131.0,-1026.0,9631.0,83,59,-49,-526,-63,101,-841,-31.0,-9.0,39.0,-892.0,-3018.0,9067.0,98,38,-48,900,-126,107,-402,-8.0,5.0,48.0,428.0,-668.0,-7747.0,33,32,-29,50,-885,-462,-4
-1295529848,-10.0,21.0,-101.0,2136.0,-1028.0,9623.0,83,59,-50,-526,-63,101,-841,-31.0,-9.0,39.0,-889.0,-3021.0,9064.0,98,39,-47,900,-126,107,-402,-8.0,5.0,48.0,428.0,-673.0,-7743.0,34,31,-29,50,-885,-462,-4
-1295509848,-10.0,21.0,-101.0,2131.0,-1023.0,9618.0,83,60,-50,-526,-63,101,-841,-31.0,-9.0,39.0,-890.0,-3020.0,9063.0,98,37,-48,900,-126,107,-402,-8.0,5.0,48.0,433.0,-672.0,-7741.0,34,33,-29,50,-885,-462,-4
-1295498420,-10.0,21.0,-101.0,2132.0,-1026.0,9619.0,83,59,-50,-526,-63,101,-841,-31.0,-9.0,39.0,-890.0,-3017.0,9065.0,97,38,-47,900,-126,107,-402,-8.0,5.0,48.0,426.0,-674.0,-7742.0,34,31,-28,50,-885,-462,-4
-1295478420,-10.0,21.0,-101.0,2126.0,-1023.0,9620.0,83,59,-50,-526,-63,101,-841,-31.0,-9.0,39.0,-887.0,-3019.0,9068.0,98,37,-47,900,-126,107,-402,-8.0,5.0,48.0,426.0,-674.0,-7737.0,33,33,-29,50,-885,-462,-4
-1295469412,-10.0,21.0,-101.0,2127.0,-1026.0,9624.0,82,59,-49,-526,-63,101,-841,-31.0,-9.0,39.0,-883.0,-3014.0,9062.0,97,38,-47,900,-126,107,-402,-8.0,5.0,48.0,425.0,-669.0,-7738.0,33,32,-28,50,-885,-462,-4
-1295449412,-10.0,21.0,-101.0,2130.0,-1029.0,9630.0,83,59,-50,-526,-63,101,-841,-31.0,-9.0,39.0,-884.0,-3011.0,9061.0,98,38,-47,900,-126,107,-402,-8.0,5.0,48.0,424.0,-672.0,-7738.0,33,32,-28,50,-885,-462,-4
-1295437992,-10.0,21.0,-101.0,2132.0,-1024.0,9635.0,84,60,-50,-526,-63,101,-841,-31.0,-9.0,39.0,-890.0,-3012.0,9067.0,97,37,-47,900,-126,107,-402,-8.0,5.0,48.0,421.0,-668.0,-7749.0,33,33,-28,50,-885,-462,-4
-1295417988,-10.0,21.0,-101.0,2125.0,-1025.0,9641.0,83,59,-50,-526,-63,101,-841,-31.0,-9.0,39.0,-888.0,-3016.0,9068.0,97,38,-48,900,-126,107,-402,-8.0,5.0,48.0,418.0,-670.0,-7751.0,33,33,-29,50,-885,-462,-4
-1295408972,-10.0,21.0,-101.0,2120.0,-1028.0,9641.0,83,59,-49,-526,-63,101,-841,-31.0,-9.0,39.0,-887.0,-3016.0,9068.0,97,38,-48,900,-126,107,-402,-8.0,5.0,48.0,423.0,-670.0,-7752.0,34,32,-28,50,-885,-462,-4
-1295388980,-10.0,21.0,-101.0,2121.0,-1037.0,9635.0,83,58,-50,-526,-63,101,-841,-31.0,-9.0,39.0,-885.0,-3014.0,9070.0,97,37,-48,900,-126,107,-402,-8.0,5.0,48.0,423.0,-669.0,-7755.0,33,32,-28,50,-885,-462,-4
-1295379976,-10.0,21.0,-101.0,2124.0,-1036.0,9639.0,84,59,-51,-526,-63,101,-841,-31.0,-9.0,39.0,-884.0,-3014.0,9069.0,97,38,-47,900,-126,107,-402,-8.0,5.0,48.0,425.0,-669.0,-7747.0,34,33,-29,50,-885,-462,-4
-1295359960,-10.0,21.0,-101.0,2116.0,-1035.0,9641.0,82,53,-53,-526,-63,101,-841,-31.0,-9.0,39.0,-888.0,-3012.0,9068.0,98,38,-47,900,-126,107,-402,-8.0,5.0,48.0,427.0,-668.0,-7743.0,34,33,-28,50,-885,-462,-4
-1295348544,-10.0,21.0,-101.0,2159.0,-1045.0,9589.0,103,95,-49,-526,-63,101,-841,-31.0,-9.0,39.0,-882.0,-3010.0,9071.0,98,39,-47,900,-126,107,-402,-8.0,5.0,48.0,421.0,-661.0,-7738.0,34,31,-28,50,-885,-462,-4
-1295328540,-10.0,21.0,-101.0,2064.0,-1024.0,9534.0,100,22,-60,-526,-63,101,-841,-31.0,-9.0,39.0,-882.0,-3009.0,9062.0,96,36,-47,900,-126,107,-402,-8.0,5.0,48.0,418.0,-663.0,-7735.0,34,32,-28,50,-885,-462,-4
-1295319532,-10.0,21.0,-101.0,1934.0,-1069.0,9225.0,238,-58,-78,-526,-64,101,-841,-31.0,-9.0,39.0,-883.0,-3007.0,9048.0,94,35,-48,900,-126,107,-402,-8.0,5.0,48.0,422.0,-664.0,-7725.0,34,31,-29,50,-885,-462,-4
-1295299524,-7.0,21.0,-100.0,1469.0,-338.0,8250.0,2394,843,-782,-529,-69,88,-840,-31.0,-9.0,39.0,-879.0,-3020.0,9056.0,91,35,-50,900,-126,107,-402,-8.0,5.0,48.0,423.0,-662.0,-7723.0,32,32,-29,50,-885,-462,-4
-1295288100,-5.0,20.0,-100.0,1941.0,-354.0,9893.0,1320,1005,-509,-532,-70,77,-840,-31.0,-9.0,39.0,-887.0,-3034.0,9054.0,84,40,-49,900,-126,107,-402,-8.0,5.0,48.0,417.0,-661.0,-7703.0,35,35,-28,50,-885,-462,-4
-1295268096,-3.0,18.0,-100.0,2410.0,-898.0,9897.0,817,710,-181,-534,-69,66,-839,-31.0,-9.0,39.0,-889.0,-3064.0,9132.0,118,32,-47,900,-126,107,-402,-8.0,5.0,48.0,428.0,-674.0,-7759.0,21,36,-33,50,-885,-462,-4
-1295259084,-3.0,18.0,-100.0,2652.0,-1105.0,9877.0,556,557,83,-534,-68,63,-840,-31.0,-9.0,39.0,-888.0,-2994.0,9010.0,82,48,-46,900,-126,107,-402,-8.0,5.0,48.0,420.0,-648.0,-7719.0,40,19,-32,50,-885,-462,-4
-1295239044,-2.0,17.0,-100.0,2266.0,-469.0,10154.0,374,529,282,-532,-66,58,-841,-31.0,-9.0,39.0,-912.0,-3059.0,9052.0,111,22,-46,900,-126,107,-402,-8.0,5.0,48.0,428.0,-671.0,-7766.0,35,26,-30,50,-885,-462,-4
-1295230028,-2.0,17.0,-100.0,1995.0,-54.0,9601.0,-606,324,-241,-532,-64,58,-841,-31.0,-9.0,39.0,-868.0,-2962.0,9079.0,86,51,-50,900,-126,107,-402,-8.0,5.0,48.0,426.0,-669.0,-7742.0,38,34,-29,50,-885,-462,-4
-1295210052,-4.0,16.0,-100.0,1004.0,-453.0,10324.0,-385,-436,-365,-536,-58,66,-839,-32.0,-9.0,39.0,-894.0,-3032.0,8974.0,59,59,-47,900,-126,108,-402,-8.0,5.0,48.0,415.0,-664.0,-7719.0,31,18,-29,50,-885,-462,-4
-1295198624,-4.0,17.0,-99.0,855.0,-820.0,9898.0,215,-685,-703,-539,-60,68,-837,-31.0,-9.0,39.0,-896.0,-3008.0,9158.0,106,37,-49,900,-126,107,-402,-8.0,5.0,48.0,426.0,-673.0,-7797.0,25,46,-24,50,-885,-462,-4
-1295178604,-4.0,18.0,-99.0,2244.0,-552.0,9937.0,-42,-224,-374,-543,-65,68,-834,-31.0,-9.0,39.0,-870.0,-2980.0,9077.0,64,55,-53,900,-126,107,-402,-8.0,5.0,48.0,424.0,-653.0,-7741.0,52,4,-32,50,-885,-462,-4
-1295169604,-4.0,19.0,-99.0,1920.0,146.0,9652.0,-919,-525,-161,-544,-66,72,-833,-31.0,-9.0,39.0,-933.0,-3011.0,9019.0,129,22,-44,900,-126,107,-402,-8.0,5.0,48.0,441.0,-678.0,-7779.0,25,26,-26,50,-885,-462,-4
-1295149628,-6.0,20.0,-98.0,2010.0,-616.0,9763.0,-349,-691,-245,-545,-69,83,-830,-31.0,-9.0,39.0,-900.0,-2949.0,9065.0,59,1,-64,900,-126,107,-402,-8.0,5.0,47.0,407.0,-666.0,-7714.0,34,46,-25,50,-885,-462,-4
-1295138204,-6.0,21.0,-98.0,2269.0,-961.0,9716.0,-128,-466,-122,-546,-71,86,-830,-31.0,-9.0,39.0,-867.0,-3050.0,9081.0,121,57,-36,900,-126,107,-402,-8.0,5.0,48.0,440.0,-677.0,-7772.0,17,45,-29,50,-885,-462,-4
-1295118192,-7.0,21.0,-98.0,2780.0,-907.0,9618.0,-183,342,21,-545,-71,90,-830,-31.0,-9.0,39.0,-903.0,-2977.0,9036.0,99,54,-44,900,-126,107,-402,-8.0,5.0,48.0,434.0,-650.0,-7749.0,39,18,-34,50,-885,-462,-4
-1295109196,-7.0,21.0,-98.0,2578.0,-861.0,9527.0,-290,699,66,-545,-67,90,-830,-31.0,-9.0,39.0,-894.0,-3028.0,9102.0,119,26,-51,900,-126,107,-402,-8.0,5.0,48.0,439.0,-668.0,-7773.0,43,30,-27,50,-885,-462,-4
-1295089208,-9.0,19.0,-98.0,2174.0,-1021.0,10229.0,-918,571,21,-546,-57,93,-830,-31.0,-9.0,39.0,-860.0,-2954.0,9019.0,83,44,-48,900,-126,107,-402,-8.0,5.0,48.0,424.0,-668.0,-7734.0,42,33,-26,50,-885,-462,-4
-1295069216,-11.0,19.0,-98.0,1430.0,-1252.0,9795.0,-708,-436,-161,-546,-51,102,-829,-31.0,-9.0,39.0,-910.0,-3059.0,9102.0,122,27,-47,900,-126,107,-402,-8.0,5.0,48.0,422.0,-684.0,-7751.0,25,31,-29,50,-885,-462,-4
-1295060220,-10.0,20.0,-98.0,960.0,274.0,6635.0,1205,326,-616,-548,-54,99,-828,-31.0,-9.0,39.0,-892.0,-3018.0,9086.0,92,28,-52,900,-126,107,-402,-8.0,5.0,48.0,425.0,-674.0,-7744.0,16,52,-26,50,-885,-462,-4
-1295048796,-9.0,20.0,-98.0,2015.0,502.0,9220.0,453,162,-382,-550,-57,95,-827,-31.0,-9.0,39.0,-886.0,-2988.0,8953.0,73,29,-52,900,-126,107,-402,-8.0,5.0,48.0,433.0,-666.0,-7703.0,49,31,-30,50,-885,-462,-4
-1295028804,-9.0,19.0,-98.0,2954.0,-976.0,9307.0,-124,336,-230,-553,-52,95,-825,-31.0,-9.0,39.0,-905.0,-3143.0,9166.0,151,20,-43,900,-126,107,-402,-8.0,5.0,48.0,443.0,-681.0,-7772.0,20,57,-23,50,-885,-462,-4
-1295019792,-10.0,19.0,-98.0,2909.0,-1513.0,9489.0,-28,130,90,-553,-51,96,-825,-31.0,-9.0,39.0,-852.0,-3001.0,9049.0,67,63,-44,900,-126,107,-402,-8.0,5.0,47.0,424.0,-638.0,-7705.0,41,23,-20,50,-885,-462,-4
-1294999768,-10.0,20.0,-98.0,3123.0,-1365.0,10111.0,-106,-491,632,-548,-53,100,-828,-31.0,-9.0,39.0,-888.0,-3042.0,8955.0,120,46,-41,900,-126,107,-402,-8.0,5.0,48.0,441.0,-652.0,-7755.0,49,5,-39,50,-885,-462,-4
-1294988344,-11.0,20.0,-99.0,3353.0,-1364.0,10466.0,-274,-731,902,-544,-56,104,-830,-31.0,-9.0,39.0,-885.0,-2972.0,9133.0,80,30,-56,900,-126,107,-402,-8.0,5.0,48.0,414.0,-666.0,-7720.0,34,31,-30,50,-885,-462,-4
-1294968348,-12.0,22.0,-100.0,2493.0,-2091.0,11175.0,-324,-810,1076,-533,-59,115,-835,-31.0,-9.0,39.0,-854.0,-3029.0,9078.0,76,64,-44,900,-126,107,-402,-8.0,5.0,48.0,422.0,-673.0,-7741.0,21,35,-29,50,-885,-462,-4
-1294959324,-13.0,22.0,-100.0,1688.0,-2530.0,11459.0,-298,-511,959,-528,-59,119,-838,-31.0,-9.0,39.0,-919.0,-2977.0,9046.0,109,21,-50,900,-126,107,-402,-8.0,5.0,48.0,433.0,-676.0,-7735.0,22,40,-26,50,-885,-462,-4
-1294939308,-15.0,21.0,-101.0,1351.0,-3634.0,12085.0,-240,854,638,-521,-50,121,-842,-31.0,-9.0,39.0,-905.0,-3020.0,9125.0,79,17,-59,900,-126,107,-402,-8.0,5.0,48.0,423.0,-658.0,-7734.0,30,28,-29,50,-885,-462,-4
-1294927876,-16.0,20.0,-102.0,1914.0,-4128.0,12075.0,-193,1396,648,-519,-43,121,-844,-31.0,-9.0,39.0,-868.0,-3007.0,9021.0,109,55,-37,900,-126,107,-402,-8.0,5.0,48.0,424.0,-659.0,-7753.0,39,33,-28,50,-885,-462,-4
-1294910284,-17.0,16.0,-103.0,2785.0,-4025.0,11392.0,214,1956,1192,-512,-26,115,-850,-31.0,-9.0,39.0,-908.0,-2998.0,9046.0,95,38,-47,900,-126,107,-402,-8.0,5.0,48.0,430.0,-674.0,-7737.0,32,26,-24,50,-885,-462,-4
-1294898864,-17.0,14.0,-103.0,2595.0,-3528.0,10591.0,523,2245,1311,-507,-16,109,-854,-31.0,-9.0,39.0,-874.0,-3018.0,9081.0,96,35,-50,900,-126,107,-402,-8.0,5.0,48.0,422.0,-667.0,-7745.0,26,34,-27,50,-885,-462,-4
-1294878860,-15.0,8.0,-104.0,2090.0,-1479.0,8507.0,759,2466,1082,-498,1,90,-862,-31.0,-9.0,39.0,-866.0,-3011.0,9043.0,96,52,-42,900,-126,107,-402,-8.0,5.0,48.0,425.0,-653.0,-7736.0,36,35,-32,50,-885,-462,-4
-1294869860,-14.0,6.0,-104.0,2017.0,129.0,7506.0,660,2279,844,-495,9,80,-865,-31.0,-9.0,39.0,-910.0,-3015.0,9076.0,98,26,-51,900,-126,107,-402,-8.0,5.0,48.0,440.0,-662.0,-7748.0,35,32,-28,50,-885,-462,-4
-1294849868,-11.0,3.0,-105.0,2024.0,3244.0,4947.0,1190,602,322,-491,12,61,-868,-31.0,-9.0,39.0,-879.0,-3018.0,9070.0,93,33,-51,900,-126,107,-402,-8.0,5.0,48.0,433.0,-660.0,-7736.0,34,27,-26,50,-885,-462,-4
-1294838456,-9.0,3.0,-105.0,1788.0,4124.0,4445.0,1514,-68,128,-490,6,52,-869,-31.0,-9.0,39.0,-893.0,-3021.0,9058.0,99,44,-45,900,-126,107,-402,-8.0,5.0,48.0,425.0,-666.0,-7741.0,35,31,-28,50,-885,-462,-4
-1294818472,-4.0,5.0,-105.0,1002.0,3471.0,6260.0,2013,-1126,-474,-492,-13,36,-869,-31.0,-9.0,39.0,-902.0,-3016.0,9072.0,98,32,-51,900,-126,107,-402,-8.0,5.0,48.0,420.0,-667.0,-7736.0,31,36,-29,50,-885,-462,-4
-1294809484,-3.0,7.0,-105.0,520.0,1998.0,8388.0,1663,-991,-725,-494,-22,30,-868,-31.0,-9.0,39.0,-883.0,-3026.0,9059.0,100,45,-45,900,-126,107,-402,-8.0,5.0,48.0,424.0,-665.0,-7745.0,30,35,-29,50,-885,-462,-4
-1294789496,-2.0,8.0,-104.0,168.0,-1967.0,12067.0,283,-804,-745,-500,-31,30,-864,-31.0,-9.0,39.0,-898.0,-3020.0,9061.0,99,42,-45,900,-126,107,-402,-8.0,5.0,48.0,425.0,-657.0,-7752.0,30,32,-26,50,-885,-462,-4
-1294778076,-3.0,9.0,-104.0,243.0,-3865.0,13211.0,-444,-520,-570,-503,-31,37,-862,-31.0,-9.0,39.0,-893.0,-3023.0,9068.0,97,32,-50,900,-126,107,-402,-8.0,5.0,48.0,423.0,-647.0,-7751.0,44,32,-26,50,-885,-462,-4
-1294758108,-6.0,8.0,-104.0,565.0,-4788.0,13522.0,-996,623,169,-503,-21,50,-861,-31.0,-9.0,39.0,-884.0,-3022.0,9070.0,98,42,-45,900,-126,107,-402,-8.0,5.0,47.0,417.0,-637.0,-7757.0,70,53,-9,50,-885,-462,-4
-1294749108,-7.0,7.0,-104.0,787.0,-3764.0,12288.0,-957,1256,453,-502,-13,53,-862,-31.0,-9.0,39.0,-904.0,-3017.0,9061.0,97,36,-48,900,-126,107,-402,-8.0,5.0,47.0,419.0,-634.0,-7766.0,85,50,-7,51,-885,-461,-4
-1294729136,-8.0,5.0,-104.0,1206.0,47.0,7843.0,-207,712,499,-497,-3,51,-865,-31.0,-9.0,39.0,-898.0,-3023.0,9064.0,98,31,-50,900,-126,107,-402,-8.0,5.0,47.0,433.0,-652.0,-7779.0,85,45,-15,51,-885,-461,-4
-1294709172,-7.0,5.0,-105.0,1374.0,2172.0,5023.0,506,114,265,-494,-3,45,-868,-31.0,-9.0,39.0,-877.0,-3013.0,9070.0,94,43,-46,900,-126,107,-402,-8.0,5.0,47.0,447.0,-702.0,-7725.0,55,14,-31,51,-885,-461,-4
-1294700156,-6.0,5.0,-105.0,1299.0,2396.0,4636.0,1132,-800,67,-493,-9,41,-868,-31.0,-9.0,39.0,-885.0,-3032.0,9057.0,97,41,-46,900,-126,107,-402,-8.0,5.0,47.0,409.0,-715.0,-7691.0,6,29,-34,51,-885,-461,-4
-1294688748,-4.0,7.0,-105.0,1083.0,2457.0,5882.0,1243,-1132,-76,-493,-19,37,-868,-31.0,-9.0,39.0,-899.0,-3010.0,9072.0,95,31,-52,900,-126,107,-402,-8.0,5.0,47.0,415.0,-719.0,-7711.0,-8,50,-33,51,-885,-461,-4
-1294668752,-3.0,8.0,-105.0,380.0,392.0,10383.0,139,-442,-645,-496,-28,36,-866,-31.0,-9.0,39.0,-881.0,-3025.0,9081.0,95,35,-49,900,-126,107,-402,-8.0,5.0,47.0,432.0,-692.0,-7739.0,1,31,-43,51,-885,-461,-4
-1294659756,-4.0,8.0,-104.0,333.0,-1562.0,11974.0,-532,-283,-656,-499,-27,40,-865,-31.0,-9.0,39.0,-893.0,-3008.0,9051.0,101,44,-45,900,-126,107,-402,-8.0,5.0,47.0,445.0,-679.0,-7764.0,16,24,-27,51,-885,-461,-4
-1294639780,-7.0,9.0,-104.0,822.0,-4045.0,13826.0,-1182,215,-186,-502,-19,56,-862,-31.0,-9.0,39.0,-899.0,-3015.0,9070.0,96,31,-51,900,-126,107,-402,-8.0,5.0,47.0,434.0,-651.0,-7769.0,37,26,-23,51,-885,-461,-4
-1294628352,-9.0,8.0,-104.0,792.0,-3663.0,13834.0,-1223,612,114,-502,-12,62,-862,-31.0,-9.0,39.0,-875.0,-3014.0,9070.0,96,42,-46,900,-126,107,-402,-8.0,5.0,47.0,434.0,-654.0,-7762.0,62,31,-24,51,-885,-461,-4
-1294608368,-11.0,7.0,-104.0,633.0,-841.0,10149.0,-545,213,68,-501,-2,67,-862,-31.0,-9.0,39.0,-883.0,-3012.0,9053.0,96,46,-44,900,-126,107,-402,-8.0,5.0,47.0,424.0,-678.0,-7713.0,46,24,-29,51,-885,-461,-4
-1294599364,-11.0,7.0,-104.0,721.0,1090.0,8266.0,-65,-134,-46,-501,-4,67,-862,-31.0,-9.0,39.0,-897.0,-3023.0,9071.0,99,32,-49,900,-126,107,-402,-8.0,5.0,47.0,420.0,-691.0,-7706.0,32,39,-26,51,-885,-461,-4
-1294579384,-9.0,8.0,-104.0,994.0,2848.0,5510.0,1002,-511,-254,-502,-13,60,-862,-31.0,-9.0,39.0,-887.0,-3022.0,9071.0,95,38,-48,900,-126,107,-402,-8.0,5.0,47.0,420.0,-692.0,-7707.0,23,44,-27,51,-885,-461,-4
-1294567972,-7.0,9.0,-104.0,918.0,2811.0,5873.0,1556,-860,-236,-502,-22,55,-862,-31.0,-9.0,39.0,-894.0,-3016.0,9055.0,98,37,-48,900,-126,107,-402,-8.0,5.0,47.0,424.0,-682.0,-7733.0,23,31,-29,51,-885,-461,-4
-1294547976,-3.0,12.0,-103.0,495.0,536.0,9991.0,1326,-1405,-674,-505,-42,47,-860,-31.0,-9.0,39.0,-890.0,-3018.0,9058.0,98,34,-50,900,-126,107,-402,-8.0,5.0,47.0,425.0,-672.0,-7744.0,37,29,-31,51,-885,-461,-4
-1294538952,-3.0,13.0,-103.0,626.0,-1958.0,11686.0,561,-567,-605,-508,-46,48,-858,-31.0,-9.0,39.0,-885.0,-3015.0,9060.0,97,43,-45,900,-126,107,-402,-8.0,5.0,47.0,425.0,-674.0,-7731.0,37,28,-30,51,-885,-461,-4
-1294518928,-5.0,12.0,-103.0,1343.0,-4666.0,13342.0,-502,407,328,-507,-40,57,-858,-31.0,-9.0,39.0,-893.0,-3020.0,9055.0,97,36,-48,900,-126,107,-402,-8.0,5.0,47.0,419.0,-677.0,-7720.0,28,28,-23,51,-885,-461,-4
-1294498932,-7.0,11.0,-104.0,2070.0,-3035.0,11143.0,-566,427,515,-503,-31,64,-861,-31.0,-9.0,39.0,-886.0,-3011.0,9058.0,96,38,-48,900,-126,107,-402,-8.0,5.0,47.0,416.0,-671.0,-7732.0,28,40,-31,51,-885,-461,-4
-1294489936,-8.0,11.0,-104.0,2102.0,-1576.0,9051.0,-218,114,455,-500,-30,65,-862,-31.0,-9.0,39.0,-885.0,-3017.0,9068.0,98,41,-47,900,-126,107,-402,-8.0,5.0,47.0,427.0,-675.0,-7737.0,31,48,-31,51,-885,-461,-4
-1294478524,-7.0,12.0,-104.0,2068.0,59.0,6786.0,136,-199,360,-498,-33,65,-863,-31.0,-9.0,39.0,-892.0,-3008.0,9060.0,97,37,-47,900,-126,107,-402,-8.0,5.0,47.0,436.0,-671.0,-7761.0,42,27,-24,51,-885,-461,-4
-1294458496,-6.0,13.0,-104.0,1795.0,1904.0,3666.0,852,-941,-221,-497,-44,61,-863,-31.0,-9.0,39.0,-890.0,-3015.0,9063.0,97,35,-49,900,-126,107,-402,-8.0,5.0,47.0,423.0,-666.0,-7755.0,54,32,-29,51,-885,-461,-4
-1294449472,-4.0,15.0,-104.0,1830.0,2201.0,3353.0,1373,-1383,-442,-498,-55,58,-862,-31.0,-9.0,39.0,-891.0,-3011.0,9063.0,99,41,-47,900,-126,107,-402,-8.0,5.0,47.0,435.0,-679.0,-7745.0,52,33,-29,51,-885,-461,-4
-1294429424,0.0,19.0,-103.0,2142.0,1764.0,7139.0,1488,-1732,-781,-502,-82,51,-859,-31.0,-9.0,39.0,-895.0,-3014.0,9057.0,97,38,-49,900,-126,107,-402,-8.0,5.0,47.0,437.0,-691.0,-7722.0,36,28,-29,51,-885,-461,-4
-1294417988,0.0,20.0,-102.0,2247.0,-67.0,9591.0,666,-1241,-861,-504,-90,52,-856,-31.0,-9.0,39.0,-888.0,-3010.0,9069.0,99,37,-46,900,-126,107,-402,-8.0,5.0,47.0,426.0,-694.0,-7718.0,14,29,-29,51,-885,-461,-4
-1294397992,-2.0,20.0,-102.0,2100.0,-4412.0,12716.0,-1188,602,-92,-508,-83,64,-854,-31.0,-9.0,39.0,-886.0,-3011.0,9072.0,95,38,-47,900,-126,107,-402,-8.0,5.0,47.0,429.0,-669.0,-7742.0,24,40,-29,51,-885,-461,-4
-1294388968,-4.0,19.0,-103.0,2275.0,-4884.0,13594.0,-1365,1302,407,-507,-72,71,-855,-31.0,-9.0,39.0,-889.0,-3008.0,9067.0,97,39,-47,900,-126,107,-402,-8.0,5.0,47.0,434.0,-659.0,-7760.0,36,35,-27,51,-885,-461,-4
-1294368984,-8.0,16.0,-104.0,2631.0,-2932.0,11236.0,-1127,1537,807,-502,-50,78,-859,-31.0,-9.0,39.0,-885.0,-3013.0,9077.0,99,40,-47,900,-126,107,-402,-8.0,5.0,47.0,439.0,-656.0,-7768.0,45,26,-29,51,-885,-461,-4
-1294348984,-9.0,14.0,-105.0,1869.0,622.0,6218.0,-235,1026,703,-496,-37,76,-864,-31.0,-9.0,39.0,-888.0,-3014.0,9070.0,96,37,-49,900,-126,107,-402,-8.0,5.0,47.0,434.0,-669.0,-7749.0,49,27,-23,51,-885,-461,-4
-1294339964,-8.0,13.0,-105.0,1573.0,2300.0,4361.0,199,203,264,-494,-37,72,-865,-31.0,-9.0,39.0,-888.0,-3012.0,9070.0,98,37,-47,900,-126,107,-402,-8.0,5.0,47.0,430.0,-679.0,-7723.0,33,35,-31,51,-885,-461,-4
-1294328520,-7.0,14.0,-105.0,1416.0,3274.0,3371.0,736,-625,-213,-494,-42,69,-865,-31.0,-9.0,39.0,-885.0,-3012.0,9062.0,99,38,-48,900,-126,107,-402,-8.0,5.0,47.0,431.0,-686.0,-7723.0,25,37,-28,51,-885,-461,-4
-1294308528,-4.0,17.0,-104.0,1372.0,3258.0,5281.0,1279,-1545,-886,-499,-63,62,-862,-31.0,-9.0,39.0,-886.0,-3009.0,9061.0,99,36,-48,900,-126,107,-402,-8.0,5.0,47.0,441.0,-689.0,-7737.0,18,31,-32,51,-885,-461,-4
-1294299532,-3.0,18.0,-103.0,1661.0,2059.0,7996.0,800,-1427,-1168,-503,-73,61,-858,-31.0,-9.0,39.0,-882.0,-3012.0,9068.0,98,39,-48,900,-126,107,-402,-8.0,5.0,47.0,444.0,-686.0,-7735.0,18,25,-32,51,-885,-461,-4
-1294279532,-4.0,20.0,-102.0,1942.0,-3058.0,11855.0,-1039,-308,-892,-511,-76,73,-852,-31.0,-9.0,39.0,-884.0,-3013.0,9059.0,97,39,-46,900,-126,107,-402,-8.0,5.0,47.0,440.0,-679.0,-7735.0,21,20,-32,51,-885,-461,-4
-1294268100,-7.0,20.0,-102.0,1867.0,-4589.0,13056.0,-1730,91,-504,-514,-69,83,-850,-31.0,-9.0,39.0,-884.0,-3021.0,9072.0,97,37,-47,900,-126,107,-402,-8.0,5.0,47.0,422.0,-667.0,-7749.0,34,39,-26,51,-885,-461,-4
-1294248108,-11.0,19.0,-102.0,2327.0,-3907.0,13030.0,-1640,449,111,-515,-53,101,-849,-31.0,-9.0,39.0,-883.0,-3017.0,9074.0,97,40,-47,900,-126,107,-402,-8.0,5.0,47.0,437.0,-664.0,-7747.0,43,34,-27,51,-885,-461,-4
-1294239096,-13.0,19.0,-102.0,2234.0,-2636.0,11250.0,-1051,429,329,-514,-48,106,-849,-31.0,-9.0,39.0,-890.0,-3011.0,9063.0,97,37,-47,900,-126,107,-402,-8.0,5.0,47.0,437.0,-663.0,-7747.0,49,28,-17,51,-885,-461,-4
-1294219068,-13.0,18.0,-103.0,1586.0,711.0,7073.0,384,446,491,-510,-46,104,-852,-31.0,-9.0,39.0,-887.0,-3012.0,9064.0,99,37,-47,900,-126,107,-402,-8.0,5.0,47.0,423.0,-659.0,-7751.0,56,30,-18,51,-885,-461,-4
-1294199040,-10.0,18.0,-103.0,877.0,2694.0,4875.0,1246,132,-287,-510,-51,89,-853,-31.0,-9.0,39.0,-889.0,-3009.0,9057.0,100,40,-47,900,-126,107,-402,-8.0,5.0,47.0,428.0,-678.0,-7745.0,58,43,-28,51,-885,-461,-4
-1294190020,-8.0,18.0,-102.0,879.0,2707.0,5236.0,1353,-260,-717,-512,-56,82,-852,-31.0,-9.0,39.0,-891.0,-2997.0,9062.0,99,38,-48,900,-126,107,-402,-8.0,5.0,47.0,427.0,-698.0,-7710.0,25,24,-20,51,-885,-461,-4
-1294178588,-6.0,18.0,-102.0,1177.0,2149.0,6623.0,1247,-622,-932,-515,-63,77,-850,-31.0,-9.0,39.0,-890.0,-3017.0,9058.0,107,46,-44,900,-126,107,-402,-8.0,5.0,47.0,404.0,-694.0,-7707.0,15,21,-35,51,-885,-461,-4
-1294158564,-5.0,20.0,-101.0,2088.0,-825.0,10666.0,194,-789,-970,-523,-74,77,-845,-31.0,-9.0,39.0,-905.0,-2996.0,9057.0,96,36,-49,900,-126,107,-402,-8.0,5.0,47.0,418.0,-688.0,-7713.0,10,42,-29,51,-885,-461,-4
-1294138592,-7.0,22.0,-100.0,2571.0,-3450.0,12645.0,-1308,-658,-622,-528,-74,93,-840,-31.0,-9.0,39.0,-873.0,-3030.0,9063.0,100,40,-45,900,-126,107,-402,-8.0,5.0,47.0,411.0,-675.0,-7726.0,17,28,-35,51,-885,-461,-4
-1294129596,-9.0,23.0,-100.0,2557.0,-3635.0,12616.0,-1616,-445,-349,-530,-70,103,-838,-31.0,-9.0,39.0,-883.0,-3005.0,9042.0,103,51,-42,900,-126,107,-402,-8.0,5.0,47.0,417.0,-664.0,-7775.0,42,39,-25,51,-885,-461,-4
-1294118164,-11.0,23.0,-100.0,2408.0,-3064.0,12022.0,-1614,-91,-142,-531,-66,112,-836,-31.0,-9.0,39.0,-894.0,-3027.0,9062.0,98,28,-51,900,-126,107,-402,-8.0,5.0,47.0,430.0,-664.0,-7762.0,53,36,-25,51,-885,-461,-4
-1294098144,-14.0,22.0,-100.0,1953.0,-982.0,9699.0,-813,416,-2,-532,-58,121,-835,-31.0,-9.0,39.0,-881.0,-3019.0,9068.0,100,38,-47,900,-126,107,-402,-8.0,5.0,47.0,427.0,-674.0,-7763.0,58,26,-20,51,-885,-461,-4
-1294089132,-14.0,22.0,-100.0,1923.0,-16.0,8580.0,-325,481,-51,-533,-55,121,-835,-31.0,-9.0,39.0,-900.0,-3024.0,9045.0,99,39,-46,900,-126,107,-402,-8.0,5.0,47.0,414.0,-679.0,-7746.0,49,32,-28,51,-885,-461,-4
-1294069112,-13.0,21.0,-100.0,1980.0,982.0,7317.0,259,265,-211,-534,-55,117,-834,-31.0,-9.0,39.0,-904.0,-3021.0,9057.0,102,32,-49,900,-126,107,-402,-8.0,5.0,47.0,420.0,-697.0,-7729.0,37,38,-32,51,-885,-461,-4
-1294049092,-12.0,22.0,-99.0,2347.0,388.0,7401.0,315,143,-320,-537,-57,113,-833,-31.0,-9.0,39.0,-880.0,-3018.0,9052.0,95,42,-45,900,-126,107,-402,-8.0,5.0,47.0,437.0,-701.0,-7718.0,14,32,-25,51,-885,-461,-4
-1294040076,-12.0,21.0,-99.0,2557.0,1.0,8067.0,184,288,-150,-538,-57,112,-833,-31.0,-9.0,39.0,-893.0,-3020.0,9044.0,100,42,-46,900,-126,107,-402,-8.0,5.0,47.0,428.0,-683.0,-7745.0,23,22,-39,51,-885,-461,-4
-1294028620,-12.0,21.0,-99.0,2496.0,-577.0,8957.0,-138,335,-106,-538,-56,112,-833,-31.0,-9.0,39.0,-893.0,-3008.0,9075.0,94,32,-51,900,-126,107,-402,-8.0,5.0,47.0,440.0,-694.0,-7744.0,25,28,-31,51,-885,-461,-4
-1294008604,-14.0,21.0,-99.0,2244.0,-2084.0,10247.0,-716,331,-209,-540,-49,117,-831,-31.0,-9.0,39.0,-876.0,-3022.0,9072.0,96,41,-47,900,-126,107,-402,-8.0,5.0,47.0,429.0,-681.0,-7731.0,33,26,-32,51,-885,-461,-4
-1293988572,-16.0,20.0,-99.0,2515.0,-2636.0,10372.0,-853,426,-184,-542,-40,126,-829,-31.0,-9.0,39.0,-901.0,-3000.0,9045.0,97,35,-48,900,-126,107,-402,-8.0,5.0,47.0,423.0,-680.0,-7745.0,33,38,-26,51,-885,-461,-4
-1293979572,-17.0,20.0,-99.0,2698.0,-2506.0,10192.0,-701,639,-159,-543,-36,128,-828,-31.0,-9.0,39.0,-892.0,-3013.0,9059.0,95,30,-50,900,-126,107,-402,-8.0,5.0,47.0,435.0,-678.0,-7740.0,39,38,-25,51,-885,-461,-4
-1293968160,-18.0,19.0,-99.0,2656.0,-2146.0,9777.0,-459,601,-154,-544,-32,130,-828,-31.0,-9.0,39.0,-879.0,-3004.0,9061.0,96,44,-45,900,-126,107,-402,-8.0,5.0,47.0,431.0,-673.0,-7747.0,45,32,-26,51,-885,-461,-4
-1293948136,-18.0,18.0,-99.0,2076.0,-1421.0,8799.0,12,508,-109,-545,-27,128,-827,-31.0,-9.0,39.0,-892.0,-3007.0,9050.0,96,40,-48,900,-126,107,-402,-8.0,5.0,47.0,422.0,-685.0,-7743.0,41,28,-28,51,-885,-461,-4
-1293939124,-18.0,18.0,-98.0,1884.0,-1198.0,8225.0,222,615,-79,-546,-26,126,-827,-31.0,-9.0,39.0,-875.0,-3010.0,9075.0,98,37,-47,900,-126,107,-402,-8.0,5.0,47.0,423.0,-691.0,-7731.0,33,29,-29,51,-885,-461,-4
-1293919080,-17.0,17.0,-98.0,1781.0,-576.0,7482.0,625,643,-72,-547,-24,119,-828,-31.0,-9.0,39.0,-872.0,-3011.0,9069.0,96,42,-47,900,-126,107,-402,-8.0,5.0,47.0,421.0,-688.0,-7727.0,23,34,-29,51,-885,-461,-4
-1293899076,-15.0,16.0,-98.0,1614.0,201.0,7896.0,401,549,-148,-548,-23,110,-828,-31.0,-9.0,39.0,-884.0,-3018.0,9067.0,99,34,-48,900,-126,107,-402,-8.0,5.0,47.0,423.0,-686.0,-7727.0,23,35,-29,51,-885,-461,-4
-1293890060,-15.0,15.0,-98.0,1224.0,214.0,8250.0,18,472,-472,-550,-22,107,-827,-31.0,-9.0,39.0,-885.0,-3012.0,9074.0,97,38,-48,900,-126,107,-402,-8.0,5.0,47.0,437.0,-675.0,-7734.0,33,31,-27,51,-885,-461,-4
-1293878620,-15.0,15.0,-98.0,617.0,-60.0,8342.0,-600,-80,-794,-553,-20,108,-825,-31.0,-9.0,39.0,-885.0,-3006.0,9052.0,98,40,-48,900,-126,107,-402,-8.0,5.0,47.0,434.0,-672.0,-7738.0,39,27,-27,51,-885,-461,-4
-1293858604,-17.0,19.0,-97.0,-187.0,-1284.0,7505.0,-449,-3357,-958,-558,-31,127,-819,-31.0,-9.0,39.0,-894.0,-3004.0,9048.0,96,35,-48,900,-126,107,-402,-8.0,5.0,47.0,429.0,-674.0,-7745.0,40,26,-28,51,-885,-461,-4
-1293838592,-12.0,26.0,-97.0,1883.0,-4538.0,10104.0,4540,-1745,-754,-558,-75,127,-816,-31.0,-9.0,39.0,-893.0,-2974.0,8999.0,69,35,-44,900,-126,107,-402,-8.0,5.0,47.0,413.0,-683.0,-7719.0,29,33,-27,51,-885,-461,-4
-1293829576,-9.0,26.0,-97.0,3831.0,-4515.0,11769.0,3185,806,-205,-558,-85,113,-817,-31.0,-9.0,39.0,-860.0,-2976.0,9022.0,79,9,-62,900,-126,107,-402,-8.0,5.0,47.0,431.0,-689.0,-7744.0,27,43,-27,51,-885,-461,-4
-1293818156,-8.0,25.0,-97.0,3608.0,-3464.0,12769.0,503,1033,485,-556,-83,106,-819,-31.0,-9.0,39.0,-879.0,-3118.0,9241.0,140,70,-33,900,-126,107,-402,-8.0,5.0,47.0,436.0,-688.0,-7786.0,13,41,-29,51,-885,-461,-4
-1293798164,-9.0,25.0,-97.0,2205.0,-1498.0,10783.0,-761,193,462,-552,-76,110,-822,-31.0,-9.0,39.0,-909.0,-2946.0,9040.0,85,53,-45,900,-126,107,-402,-8.0,5.0,47.0,429.0,-649.0,-7712.0,62,3,-29,51,-885,-461,-4
-1293789156,-10.0,24.0,-98.0,2117.0,-960.0,9633.0,-382,724,263,-551,-72,110,-823,-31.0,-9.0,39.0,-892.0,-3035.0,9012.0,124,-13,-58,900,-126,107,-402,-8.0,5.0,47.0,426.0,-689.0,-7752.0,55,19,-36,51,-885,-461,-4
-1293769152,-8.0,22.0,-98.0,2727.0,-412.0,9106.0,939,832,-49,-551,-69,100,-825,-31.0,-9.0,39.0,-849.0,-3026.0,9180.0,116,35,-46,900,-126,107,-402,-8.0,5.0,47.0,401.0,-688.0,-7693.0,20,48,-27,51,-885,-461,-4
-1293749156,-7.0,21.0,-98.0,3175.0,-229.0,10487.0,123,725,20,-552,-67,93,-825,-31.0,-9.0,39.0,-891.0,-3038.0,8984.0,91,66,-36,900,-126,107,-402,-8.0,5.0,47.0,416.0,-688.0,-7698.0,25,36,-33,51,-885,-461,-4
-1293740168,-8.0,21.0,-98.0,2579.0,-182.0,10335.0,-222,135,239,-551,-65,93,-826,-31.0,-9.0,39.0,-928.0,-3040.0,9028.0,146,5,-51,900,-126,107,-402,-8.0,5.0,47.0,440.0,-678.0,-7759.0,25,30,-24,51,-885,-461,-4
-1293728744,-8.0,21.0,-98.0,2325.0,-305.0,10216.0,-331,-272,306,-549,-65,95,-827,-31.0,-9.0,39.0,-842.0,-3017.0,9078.0,66,57,-48,900,-126,107,-402,-8.0,5.0,47.0,419.0,-650.0,-7736.0,48,22,-25,51,-885,-461,-4
-1293708748,-9.0,21.0,-98.0,2214.0,-702.0,9992.0,-430,160,75,-547,-63,100,-828,-31.0,-9.0,39.0,-863.0,-3045.0,9010.0,114,61,-33,900,-126,107,-402,-8.0,5.0,47.0,426.0,-662.0,-7765.0,49,23,-36,51,-885,-461,-4
-1293688740,-10.0,21.0,-98.0,1956.0,-1017.0,9500.0,-47,-90,-9,-547,-60,103,-828,-31.0,-9.0,39.0,-908.0,-3000.0,9096.0,75,20,-57,900,-126,107,-402,-8.0,5.0,47.0,432.0,-681.0,-7710.0,34,29,-24,51,-885,-461,-4
-1293679748,-10.0,21.0,-98.0,1970.0,-1109.0,9349.0,141,-83,-34,-547,-61,104,-828,-31.0,-9.0,39.0,-869.0,-3042.0,9093.0,92,39,-50,900,-126,107,-402,-8.0,5.0,47.0,418.0,-681.0,-7747.0,26,41,-24,51,-885,-461,-4
-1293668320,-10.0,21.0,-98.0,1969.0,-1139.0,9336.0,253,67,-104,-547,-61,103,-828,-31.0,-9.0,39.0,-895.0,-2989.0,9054.0,96,43,-44,900,-126,107,-402,-8.0,5.0,47.0,421.0,-670.0,-7731.0,28,40,-31,51,-885,-461,-4
-1293648324,-10.0,21.0,-98.0,1955.0,-1009.0,9604.0,194,188,-204,-548,-61,101,-827,-31.0,-9.0,39.0,-914.0,-3023.0,9095.0,93,25,-54,900,-126,107,-402,-8.0,5.0,47.0,442.0,-677.0,-7758.0,34,30,-27,51,-885,-461,-4
-1293628316,-9.0,21.0,-98.0,2042.0,-891.0,9821.0,31,-35,-83,-549,-61,101,-827,-31.0,-9.0,39.0,-863.0,-3007.0,9059.0,99,48,-44,900,-126,107,-402,-8.0,5.0,47.0,441.0,-675.0,-7744.0,37,28,-26,51,-885,-461,-4
-1293619312,-10.0,21.0,-98.0,2102.0,-892.0,9755.0,-10,21,-51,-549,-61,101,-827,-31.0,-9.0,39.0,-883.0,-3020.0,9065.0,97,46,-45,900,-126,107,-402,-8.0,5.0,47.0,424.0,-671.0,-7746.0,37,26,-29,51,-885,-461,-4
-1293599308,-10.0,21.0,-98.0,2070.0,-967.0,9607.0,46,88,-31,-549,-61,102,-827,-31.0,-9.0,39.0,-874.0,-3004.0,9080.0,94,33,-51,900,-126,107,-402,-8.0,5.0,47.0,418.0,-678.0,-7739.0,33,43,-28,51,-885,-461,-4
-1293590296,-10.0,21.0,-98.0,2055.0,-985.0,9591.0,95,82,-30,-549,-61,102,-827,-31.0,-9.0,39.0,-868.0,-3010.0,9067.0,96,44,-45,900,-126,107,-402,-8.0,5.0,47.0,441.0,-683.0,-7736.0,27,34,-28,51,-885,-461,-4
-1293578860,-10.0,21.0,-98.0,2037.0,-982.0,9608.0,116,79,-29,-549,-61,101,-827,-31.0,-9.0,39.0,-897.0,-3007.0,9082.0,97,34,-50,900,-126,107,-402,-8.0,5.0,47.0,439.0,-677.0,-7752.0,26,27,-26,51,-885,-461,-4
-1293558844,-10.0,21.0,-98.0,2017.0,-973.0,9678.0,87,72,-40,-549,-61,101,-827,-31.0,-9.0,39.0,-884.0,-3012.0,9071.0,94,35,-50,900,-126,107,-402,-8.0,5.0,47.0,427.0,-672.0,-7749.0,42,34,-31,51,-885,-461,-4
-1293538856,-10.0,21.0,-98.0,1998.0,-969.0,9663.0,72,44,-51,-549,-60,101,-827,-31.0,-9.0,39.0,-888.0,-3011.0,9069.0,100,42,-45,900,-126,107,-402,-8.0,5.0,47.0,434.0,-681.0,-7746.0,40,34,-29,51,-885,-461,-4
-1293529828,-10.0,21.0,-98.0,2016.0,-977.0,9650.0,80,57,-48,-549,-60,101,-827,-31.0,-9.0,39.0,-894.0,-3009.0,9072.0,95,35,-49,900,-126,107,-402,-8.0,5.0,47.0,429.0,-685.0,-7724.0,32,26,-28,51,-885,-461,-4
-1293518408,-10.0,21.0,-98.0,2003.0,-986.0,9656.0,86,71,-53,-549,-60,101,-827,-31.0,-9.0,39.0,-879.0,-3015.0,9073.0,100,40,-46,900,-126,107,-402,-8.0,5.0,47.0,426.0,-688.0,-7738.0,29,33,-27,51,-885,-461,-4
-1293498404,-10.0,21.0,-98.0,2005.0,-970.0,9657.0,77,39,-52,-549,-60,101,-827,-31.0,-9.0,39.0,-892.0,-3010.0,9068.0,98,43,-46,900,-126,107,-402,-8.0,5.0,47.0,427.0,-679.0,-7736.0,33,38,-31,51,-885,-461,-4
-1293478416,-10.0,21.0,-98.0,2018.0,-980.0,9646.0,75,60,-46,-549,-60,101,-827,-31.0,-9.0,39.0,-894.0,-3015.0,9071.0,99,34,-49,900,-126,107,-402,-8.0,5.0,47.0,436.0,-683.0,-7740.0,34,30,-27,51,-885,-461,-4
-1293469400,-10.0,21.0,-98.0,2010.0,-990.0,9636.0,82,59,-48,-549,-60,101,-827,-31.0,-9.0,39.0,-885.0,-3012.0,9073.0,98,40,-47,900,-126,107,-402,-8.0,5.0,47.0,427.0,-680.0,-7740.0,36,25,-27,51,-885,-461,-4
-1293449424,-10.0,21.0,-98.0,2015.0,-989.0,9654.0,87,64,-51,-549,-60,101,-827,-31.0,-9.0,39.0,-890.0,-3015.0,9060.0,98,36,-48,900,-126,107,-402,-8.0,5.0,47.0,420.0,-678.0,-7737.0,37,32,-30,51,-885,-461,-4
-1293440424,-10.0,21.0,-98.0,2011.0,-985.0,9660.0,82,65,-52,-549,-60,101,-827,-31.0,-9.0,39.0,-884.0,-3015.0,9065.0,98,35,-49,900,-126,107,-402,-8.0,5.0,47.0,429.0,-688.0,-7739.0,31,36,-28,51,-885,-461,-4
-1293428992,-10.0,21.0,-98.0,2012.0,-984.0,9662.0,80,57,-52,-549,-60,101,-827,-31.0,-9.0,39.0,-878.0,-3012.0,9074.0,99,41,-45,900,-126,107,-402,-8.0,5.0,47.0,428.0,-682.0,-7738.0,29,31,-28,51,-885,-461,-4
-1293408968,-10.0,21.0,-98.0,2021.0,-980.0,9664.0,83,62,-51,-549,-60,101,-827,-31.0,-9.0,39.0,-885.0,-3012.0,9073.0,98,39,-47,900,-126,107,-402,-8.0,5.0,47.0,416.0,-672.0,-7750.0,35,32,-30,51,-885,-461,-4
-1293388980,-10.0,21.0,-98.0,2016.0,-978.0,9662.0,82,60,-51,-549,-60,101,-827,-31.0,-9.0,39.0,-880.0,-3013.0,9072.0,97,38,-47,900,-126,107,-402,-8.0,5.0,47.0,418.0,-674.0,-7749.0,37,34,-30,51,-885,-461,-4
-1293379976,-10.0,21.0,-98.0,2019.0,-981.0,9656.0,84,61,-50,-549,-60,101,-827,-31.0,-9.0,39.0,-878.0,-3013.0,9067.0,97,40,-47,900,-126,107,-402,-8.0,5.0,47.0,431.0,-680.0,-7736.0,32,28,-27,51,-885,-461,-4
-1293368540,-10.0,21.0,-98.0,2015.0,-979.0,9661.0,82,62,-48,-549,-60,101,-827,-31.0,-9.0,39.0,-883.0,-3015.0,9068.0,96,37,-47,900,-126,107,-402,-8.0,5.0,47.0,426.0,-677.0,-7732.0,32,30,-28,51,-885,-461,-4
-1293348540,-10.0,21.0,-98.0,2006.0,-978.0,9661.0,79,55,-49,-549,-60,101,-827,-31.0,-9.0,39.0,-879.0,-3013.0,9066.0,97,37,-47,900,-126,107,-402,-8.0,5.0,47.0,425.0,-680.0,-7738.0,33,36,-30,51,-885,-461,-4
-1293328552,-10.0,21.0,-98.0,2009.0,-979.0,9659.0,82,57,-50,-549,-60,101,-827,-31.0,-9.0,39.0,-888.0,-3013.0,9064.0,97,39,-48,900,-126,107,-402,-8.0,5.0,47.0,429.0,-682.0,-7740.0,33,34,-30,51,-885,-461,-4
-1293319548,-10.0,21.0,-98.0,2014.0,-981.0,9661.0,83,56,-49,-549,-60,101,-827,-31.0,-9.0,39.0,-890.0,-3012.0,9064.0,97,36,-48,900,-126,107,-402,-8.0,5.0,47.0,428.0,-682.0,-7741.0,35,29,-28,51,-885,-461,-4
-1293299532,-10.0,21.0,-98.0,2013.0,-984.0,9658.0,83,57,-50,-549,-60,101,-827,-31.0,-9.0,39.0,-882.0,-3018.0,9062.0,97,37,-47,900,-126,107,-402,-8.0,5.0,47.0,422.0,-689.0,-7741.0,35,33,-29,51,-885,-461,-4
-1293290528,-10.0,21.0,-98.0,2012.0,-987.0,9657.0,83,59,-51,-549,-60,101,-827,-31.0,-9.0,39.0,-879.0,-3015.0,9068.0,96,39,-47,900,-126,107,-402,-8.0,5.0,47.0,426.0,-686.0,-7740.0,32,33,-29,51,-885,-461,-4
-1293270536,-10.0,21.0,-98.0,2005.0,-987.0,9654.0,83,61,-50,-549,-60,100,-827,-31.0,-9.0,39.0,-881.0,-3017.0,9071.0,96,37,-48,900,-126,107,-402,-8.0,5.0,47.0,423.0,-687.0,-7731.0,33,31,-28,51,-885,-461,-4
-1293259096,-10.0,21.0,-98.0,2009.0,-987.0,9654.0,86,60,-49,-549,-60,100,-827,-31.0,-9.0,39.0,-881.0,-3014.0,9074.0,97,38,-47,900,-126,107,-402,-8.0,5.0,47.0,423.0,-680.0,-7740.0,34,33,-28,51,-885,-461,-4
-1293239076,-10.0,21.0,-98.0,2011.0,-986.0,9661.0,83,60,-50,-549,-60,100,-827,-31.0,-9.0,39.0,-882.0,-3018.0,9065.0,98,38,-47,900,-126,107,-402,-8.0,5.0,47.0,424.0,-681.0,-7741.0,36,32,-29,51,-885,-461,-4
-1293230060,-10.0,21.0,-98.0,2013.0,-983.0,9657.0,84,57,-50,-549,-60,100,-827,-31.0,-9.0,39.0,-882.0,-3018.0,9061.0,98,37,-47,900,-126,107,-402,-8.0,5.0,47.0,427.0,-690.0,-7748.0,34,30,-29,51,-885,-461,-4
-1293218632,-10.0,21.0,-98.0,2013.0,-984.0,9658.0,83,59,-50,-549,-59,100,-827,-31.0,-9.0,39.0,-880.0,-3011.0,9062.0,97,37,-48,900,-126,107,-402,-8.0,5.0,47.0,427.0,-687.0,-7747.0,33,29,-28,51,-885,-461,-4
-1293198620,-10.0,21.0,-98.0,2016.0,-986.0,9662.0,83,59,-50,-549,-59,100,-827,-31.0,-9.0,39.0,-880.0,-3009.0,9064.0,97,39,-47,900,-126,107,-402,-8.0,5.0,47.0,433.0,-682.0,-7746.0,34,33,-30,51,-885,-461,-4
-1293178596,-10.0,21.0,-98.0,2017.0,-979.0,9662.0,82,59,-49,-549,-59,100,-827,-31.0,-9.0,39.0,-879.0,-3011.0,9064.0,97,38,-48,900,-126,107,-402,-8.0,5.0,47.0,435.0,-678.0,-7748.0,33,33,-30,51,-885,-461,-4
-1293169592,-10.0,21.0,-98.0,2015.0,-978.0,9664.0,82,60,-49,-549,-59,100,-827,-31.0,-9.0,39.0,-876.0,-3014.0,9062.0,98,38,-47,900,-126,107,-402,-8.0,5.0,47.0,436.0,-681.0,-7747.0,34,31,-28,51,-885,-461,-4
-1293158168,-10.0,21.0,-98.0,2014.0,-981.0,9669.0,83,58,-49,-549,-59,100,-827,-31.0,-9.0,39.0,-881.0,-3015.0,9060.0,99,37,-48,900,-126,107,-402,-8.0,5.0,47.0,432.0,-686.0,-7745.0,34,31,-29,51,-885,-461,-4
-1293140568,-10.0,21.0,-98.0,2014.0,-990.0,9666.0,82,57,-50,-549,-59,100,-827,-31.0,-9.0,39.0,-880.0,-3016.0,9061.0,97,37,-47,900,-126,107,-402,-8.0,5.0,47.0,428.0,-683.0,-7744.0,34,32,-29,51,-885,-461,-4
-1293118132,-10.0,21.0,-98.0,2011.0,-990.0,9667.0,83,60,-49,-549,-59,100,-827,-31.0,-9.0,39.0,-880.0,-3017.0,9064.0,96,39,-47,900,-126,107,-402,-8.0,5.0,47.0,426.0,-682.0,-7744.0,34,32,-29,51,-885,-461,-4
-1293109116,-10.0,21.0,-98.0,2012.0,-991.0,9665.0,83,59,-50,-549,-59,100,-827,-31.0,-9.0,39.0,-879.0,-3019.0,9064.0,97,37,-48,900,-126,107,-402,-8.0,5.0,47.0,426.0,-677.0,-7747.0,33,33,-29,51,-885,-461,-4
-1293089128,-10.0,21.0,-98.0,2012.0,-989.0,9670.0,83,60,-51,-549,-59,100,-827,-31.0,-9.0,39.0,-876.0,-3018.0,9059.0,97,39,-47,900,-126,107,-402,-8.0,5.0,47.0,425.0,-673.0,-7749.0,34,32,-29,51,-885,-461,-4
-1293080124,-10.0,21.0,-98.0,2008.0,-988.0,9668.0,82,59,-50,-549,-59,100,-827,-31.0,-9.0,39.0,-879.0,-3016.0,9057.0,98,39,-47,900,-126,107,-402,-8.0,5.0,47.0,421.0,-676.0,-7754.0,34,32,-29,51,-885,-461,-4
-1293068672,-10.0,21.0,-98.0,2013.0,-988.0,9660.0,83,59,-50,-549,-59,100,-827,-31.0,-9.0,39.0,-883.0,-3016.0,9059.0,97,37,-47,900,-126,107,-402,-8.0,5.0,47.0,426.0,-676.0,-7749.0,34,31,-28,51,-885,-461,-4
-1293048652,-10.0,21.0,-98.0,2014.0,-988.0,9667.0,82,60,-50,-549,-59,100,-827,-31.0,-9.0,39.0,-887.0,-3014.0,9060.0,97,39,-47,900,-126,107,-402,-8.0,5.0,47.0,426.0,-674.0,-7740.0,34,33,-29,51,-885,-461,-4
-1293028660,-10.0,21.0,-98.0,2012.0,-990.0,9661.0,83,58,-50,-549,-59,100,-827,-31.0,-9.0,39.0,-890.0,-3010.0,9058.0,98,37,-48,900,-126,107,-402,-8.0,5.0,47.0,427.0,-674.0,-7730.0,33,32,-29,51,-885,-461,-4
-1293019644,-10.0,21.0,-98.0,2011.0,-988.0,9663.0,82,58,-49,-549,-59,100,-827,-31.0,-9.0,39.0,-893.0,-3011.0,9061.0,98,38,-47,900,-126,107,-402,-8.0,5.0,47.0,425.0,-672.0,-7731.0,33,31,-28,51,-885,-461,-4
-1293008196,-10.0,21.0,-98.0,2015.0,-988.0,9653.0,82,58,-49,-549,-59,100,-827,-31.0,-9.0,39.0,-884.0,-3012.0,9063.0,98,37,-49,900,-126,107,-402,-8.0,5.0,47.0,430.0,-672.0,-7735.0,33,32,-29,51,-885,-461,-4
-1292988192,-10.0,21.0,-98.0,2011.0,-988.0,9656.0,82,59,-50,-549,-59,100,-827,-31.0,-9.0,39.0,-884.0,-3014.0,9057.0,98,38,-48,900,-126,107,-402,-8.0,5.0,47.0,433.0,-680.0,-7736.0,34,32,-29,51,-885,-461,-4
-1292968184,-10.0,20.0,-98.0,2007.0,-992.0,9653.0,84,60,-50,-549,-59,100,-827,-31.0,-9.0,39.0,-887.0,-3016.0,9061.0,98,38,-47,900,-126,107,-402,-8.0,5.0,47.0,435.0,-686.0,-7730.0,35,32,-30,51,-885,-461,-4
-1292959180,-10.0,20.0,-98.0,2012.0,-988.0,9655.0,84,60,-50,-549,-59,100,-827,-31.0,-9.0,39.0,-891.0,-3014.0,9065.0,98,38,-47,900,-126,107,-402,-8.0,5.0,47.0,428.0,-684.0,-7730.0,33,33,-27,51,-885,-461,-4
-1292939168,-10.0,20.0,-98.0,2008.0,-985.0,9656.0,84,59,-50,-549,-59,100,-827,-31.0,-9.0,39.0,-881.0,-3010.0,9055.0,97,38,-48,900,-126,107,-402,-8.0,5.0,47.0,430.0,-675.0,-7731.0,33,31,-29,51,-885,-461,-4
-1292930172,-10.0,20.0,-98.0,2007.0,-982.0,9658.0,83,60,-50,-549,-59,100,-827,-31.0,-9.0,39.0,-878.0,-3015.0,9054.0,98,37,-47,900,-126,107,-402,-8.0,5.0,47.0,436.0,-675.0,-7732.0,34,32,-28,51,-885,-461,-4
-1292910164,-10.0,20.0,-98.0,2004.0,-989.0,9658.0,82,59,-50,-549,-59,100,-827,-31.0,-9.0,39.0,-886.0,-3013.0,9052.0,97,38,-48,900,-126,107,-402,-8.0,5.0,47.0,435.0,-679.0,-7741.0,35,32,-28,51,-885,-461,-4
-1292898724,-10.0,20.0,-98.0,2004.0,-986.0,9657.0,82,60,-50,-549,-59,100,-827,-31.0,-9.0,39.0,-884.0,-3014.0,9051.0,97,38,-48,900,-126,107,-402,-8.0,5.0,47.0,430.0,-674.0,-7745.0,34,33,-28,51,-885,-461,-4
-1292878704,-10.0,20.0,-98.0,2012.0,-985.0,9669.0,81,59,-49,-549,-59,100,-827,-31.0,-9.0,39.0,-885.0,-3016.0,9060.0,97,38,-47,900,-126,107,-402,-8.0,5.0,47.0,424.0,-675.0,-7744.0,34,31,-28,51,-885,-461,-4
-1292869688,-10.0,20.0,-98.0,2013.0,-988.0,9666.0,82,61,-50,-549,-59,100,-827,-31.0,-9.0,39.0,-882.0,-3013.0,9063.0,97,39,-47,900,-126,107,-402,-8.0,5.0,47.0,429.0,-678.0,-7750.0,33,32,-28,51,-885,-461,-4
-1292858268,-10.0,20.0,-98.0,2015.0,-990.0,9667.0,82,57,-50,-549,-59,100,-827,-31.0,-9.0,39.0,-884.0,-3010.0,9063.0,97,38,-48,900,-126,107,-402,-8.0,5.0,47.0,428.0,-676.0,-7749.0,34,32,-28,51,-885,-461,-4
-1292838252,-10.0,20.0,-98.0,2009.0,-988.0,9668.0,83,58,-50,-549,-59,99,-827,-31.0,-9.0,39.0,-884.0,-3013.0,9067.0,97,39,-47,900,-126,107,-402,-8.0,5.0,47.0,428.0,-677.0,-7744.0,33,31,-29,51,-885,-461,-4
-1292818244,-10.0,20.0,-98.0,2015.0,-992.0,9666.0,83,59,-50,-549,-59,99,-827,-31.0,-9.0,39.0,-883.0,-3010.0,9063.0,98,38,-47,900,-126,107,-402,-8.0,5.0,47.0,426.0,-682.0,-7745.0,34,32,-27,51,-885,-461,-4
-1292809228,-10.0,20.0,-98.0,2012.0,-992.0,9667.0,83,58,-49,-549,-59,99,-827,-31.0,-9.0,39.0,-883.0,-3014.0,9058.0,97,37,-47,900,-126,107,-402,-8.0,5.0,47.0,424.0,-681.0,-7739.0,33,31,-28,51,-885,-461,-4
-1292789196,-10.0,20.0,-98.0,2012.0,-993.0,9668.0,83,60,-50,-549,-59,99,-827,-31.0,-9.0,39.0,-886.0,-3010.0,9063.0,98,38,-48,900,-126,107,-402,-8.0,5.0,47.0,424.0,-680.0,-7737.0,33,32,-28,51,-885,-461,-4
-1292780180,-10.0,20.0,-98.0,2010.0,-993.0,9667.0,84,59,-50,-549,-59,99,-827,-31.0,-9.0,39.0,-885.0,-3013.0,9064.0,99,38,-47,900,-126,107,-402,-8.0,5.0,47.0,426.0,-680.0,-7737.0,34,32,-29,51,-885,-461,-4
-1292760148,-10.0,20.0,-98.0,2008.0,-984.0,9670.0,82,60,-51,-549,-58,99,-827,-31.0,-9.0,39.0,-883.0,-3012.0,9068.0,97,39,-48,900,-126,107,-402,-8.0,5.0,47.0,427.0,-681.0,-7739.0,33,32,-29,51,-885,-461,-4
-1292748724,-10.0,20.0,-98.0,2009.0,-988.0,9665.0,84,58,-51,-549,-58,99,-827,-31.0,-9.0,39.0,-882.0,-3009.0,9064.0,97,39,-48,900,-126,107,-402,-8.0,5.0,47.0,427.0,-676.0,-7736.0,34,31,-27,51,-885,-461,-4
-1292728724,-10.0,20.0,-98.0,2008.0,-989.0,9655.0,83,58,-50,-549,-58,99,-827,-31.0,-9.0,39.0,-877.0,-3011.0,9071.0,99,37,-47,900,-126,107,-402,-8.0,5.0,47.0,436.0,-677.0,-7739.0,33,31,-28,51,-885,-461,-4
-1292719700,-10.0,20.0,-98.0,2010.0,-992.0,9653.0,83,59,-50,-549,-58,99,-827,-31.0,-9.0,39.0,-881.0,-3009.0,9068.0,98,39,-46,900,-126,107,-402,-8.0,5.0,47.0,430.0,-679.0,-7735.0,33,32,-28,51,-885,-461,-4
-1292708256,-10.0,20.0,-98.0,2005.0,-992.0,9655.0,81,59,-48,-549,-58,99,-827,-31.0,-9.0,39.0,-887.0,-3011.0,9066.0,97,38,-47,900,-126,107,-402,-8.0,5.0,47.0,429.0,-677.0,-7739.0,33,32,-28,51,-885,-461,-4
-1292690652,-10.0,20.0,-98.0,2007.0,-983.0,9659.0,83,58,-50,-549,-58,99,-827,-31.0,-9.0,39.0,-889.0,-3012.0,9068.0,96,38,-48,900,-126,107,-402,-8.0,5.0,47.0,419.0,-680.0,-7742.0,34,31,-29,51,-885,-461,-4
-1292668228,-10.0,20.0,-98.0,2009.0,-987.0,9654.0,83,59,-51,-549,-58,99,-827,-31.0,-9.0,39.0,-886.0,-3016.0,9056.0,98,37,-48,900,-126,107,-402,-8.0,5.0,47.0,417.0,-681.0,-7749.0,33,31,-29,51,-885,-461,-4
-1292659216,-10.0,20.0,-98.0,2010.0,-986.0,9652.0,83,59,-50,-549,-58,99,-827,-31.0,-9.0,39.0,-884.0,-3013.0,9052.0,98,37,-48,900,-126,107,-402,-8.0,5.0,47.0,424.0,-678.0,-7747.0,33,32,-28,51,-885,-461,-4
-1292639188,-10.0,20.0,-98.0,2009.0,-991.0,9660.0,82,59,-49,-549,-58,99,-827,-31.0,-9.0,39.0,-888.0,-3013.0,9060.0,97,39,-47,900,-126,107,-402,-8.0,5.0,47.0,426.0,-678.0,-7756.0,33,32,-28,51,-885,-461,-4
-1292630188,-10.0,20.0,-98.0,2010.0,-989.0,9657.0,82,58,-50,-549,-58,99,-827,-31.0,-9.0,39.0,-891.0,-3014.0,9061.0,97,38,-47,900,-126,107,-402,-8.0,5.0,47.0,431.0,-680.0,-7752.0,33,32,-29,51,-885,-461,-4
-1292610164,-10.0,20.0,-98.0,2012.0,-983.0,9656.0,83,59,-50,-549,-58,99,-827,-31.0,-9.0,39.0,-887.0,-3012.0,9066.0,97,38,-47,900,-126,107,-402,-8.0,5.0,47.0,430.0,-676.0,-7751.0,34,32,-29,51,-885,-461,-4
-1292598716,-10.0,20.0,-98.0,2014.0,-978.0,9655.0,82,60,-51,-549,-58,99,-827,-31.0,-9.0,39.0,-881.0,-3014.0,9064.0,97,39,-48,900,-126,107,-402,-8.0,5.0,47.0,426.0,-680.0,-7750.0,34,31,-28,51,-885,-461,-4
-1292578684,-10.0,20.0,-98.0,2014.0,-981.0,9660.0,82,59,-50,-549,-58,99,-827,-31.0,-9.0,39.0,-884.0,-3012.0,9063.0,98,38,-47,900,-126,107,-402,-8.0,5.0,47.0,424.0,-680.0,-7759.0,34,32,-28,51,-885,-461,-4
-1292569676,-10.0,20.0,-98.0,2018.0,-979.0,9656.0,82,59,-50,-549,-58,99,-827,-31.0,-9.0,39.0,-880.0,-3012.0,9067.0,97,38,-45,900,-126,107,-402,-8.0,5.0,47.0,430.0,-676.0,-7755.0,34,31,-29,51,-885,-461,-4
-1292549680,-10.0,20.0,-98.0,2021.0,-985.0,9653.0,84,59,-50,-549,-58,99,-827,-31.0,-9.0,39.0,-873.0,-3013.0,9066.0,98,38,-47,900,-126,107,-402,-8.0,5.0,47.0,429.0,-674.0,-7749.0,33,33,-28,51,-885,-461,-4
-1292540656,-10.0,20.0,-98.0,2022.0,-987.0,9654.0,83,58,-50,-549,-58,99,-827,-31.0,-9.0,39.0,-877.0,-3012.0,9059.0,98,37,-48,900,-126,107,-402,-8.0,5.0,47.0,437.0,-679.0,-7742.0,34,31,-29,51,-885,-461,-4
-1292520644,-10.0,20.0,-98.0,2017.0,-988.0,9661.0,83,60,-49,-549,-58,99,-827,-31.0,-9.0,39.0,-881.0,-3012.0,9059.0,97,38,-48,900,-126,107,-402,-8.0,5.0,47.0,433.0,-678.0,-7741.0,33,33,-29,51,-885,-461,-4
-1292509212,-10.0,20.0,-98.0,2016.0,-986.0,9659.0,84,60,-50,-549,-58,99,-827,-31.0,-9.0,39.0,-886.0,-3012.0,9051.0,97,39,-48,900,-126,107,-402,-8.0,5.0,47.0,429.0,-675.0,-7737.0,34,31,-28,51,-885,-461,-4
-1292489212,-10.0,20.0,-98.0,2011.0,-982.0,9668.0,83,58,-50,-549,-58,99,-827,-31.0,-9.0,39.0,-890.0,-3015.0,9045.0,97,38,-48,900,-126,107,-402,-8.0,5.0,47.0,426.0,-678.0,-7736.0,34,33,-29,51,-885,-461,-4
-1292480192,-10.0,20.0,-98.0,2011.0,-984.0,9665.0,83,59,-49,-549,-58,99,-827,-31.0,-9.0,39.0,-885.0,-3010.0,9053.0,97,38,-47,900,-126,107,-402,-8.0,5.0,47.0,426.0,-675.0,-7733.0,33,31,-28,51,-885,-461,-4
-1292460192,-10.0,20.0,-98.0,2010.0,-986.0,9662.0,82,59,-50,-549,-58,99,-827,-31.0,-9.0,39.0,-885.0,-3019.0,9068.0,97,38,-49,900,-126,107,-402,-8.0,5.0,47.0,425.0,-674.0,-7734.0,34,32,-29,51,-885,-461,-4
-1292448764,-10.0,20.0,-98.0,2014.0,-984.0,9665.0,82,59,-51,-549,-58,99,-827,-31.0,-9.0,39.0,-884.0,-3021.0,9069.0,97,38,-47,900,-126,107,-402,-8.0,5.0,47.0,425.0,-676.0,-7738.0,34,32,-29,51,-885,-461,-4
-1292428748,-10.0,20.0,-98.0,2014.0,-990.0,9668.0,83,59,-50,-549,-58,99,-827,-31.0,-9.0,39.0,-888.0,-3020.0,9075.0,96,38,-48,900,-126,107,-402,-8.0,5.0,47.0,432.0,-675.0,-7740.0,35,31,-28,51,-885,-461,-4
-1292419732,-10.0,20.0,-98.0,2011.0,-992.0,9669.0,82,60,-49,-549,-58,99,-827,-31.0,-9.0,39.0,-887.0,-3014.0,9073.0,97,38,-47,900,-126,107,-402,-8.0,5.0,47.0,430.0,-677.0,-7744.0,34,32,-29,51,-885,-461,-4
-1292408284,-10.0,20.0,-98.0,2012.0,-989.0,9664.0,82,59,-49,-549,-58,99,-827,-31.0,-9.0,39.0,-890.0,-3017.0,9070.0,97,36,-47,900,-126,107,-402,-8.0,5.0,47.0,425.0,-676.0,-7747.0,34,32,-28,51,-885,-461,-4
-1292390700,-10.0,20.0,-98.0,2018.0,-991.0,9669.0,82,59,-50,-549,-58,99,-827,-31.0,-9.0,39.0,-890.0,-3018.0,9073.0,96,38,-49,900,-126,107,-402,-8.0,5.0,47.0,426.0,-677.0,-7741.0,34,31,-28,51,-885,-461,-4
-1292368260,-10.0,20.0,-98.0,2012.0,-983.0,9667.0,83,59,-51,-549,-58,99,-827,-31.0,-9.0,39.0,-887.0,-3018.0,9071.0,98,38,-48,900,-126,107,-402,-8.0,5.0,47.0,425.0,-678.0,-7739.0,33,32,-28,51,-885,-461,-4
-1292359248,-10.0,20.0,-98.0,2014.0,-984.0,9663.0,83,59,-50,-549,-58,99,-827,-31.0,-9.0,39.0,-889.0,-3019.0,9072.0,98,38,-47,900,-126,107,-402,-8.0,5.0,47.0,424.0,-676.0,-7742.0,34,31,-28,51,-885,-461,-4
-1292339236,-10.0,20.0,-98.0,2011.0,-989.0,9670.0,84,59,-50,-549,-58,99,-827,-31.0,-9.0,39.0,-889.0,-3017.0,9078.0,97,38,-48,900,-126,107,-402,-8.0,5.0,47.0,422.0,-673.0,-7740.0,34,32,-29,51,-885,-461,-4
-1292330224,-10.0,20.0,-98.0,2009.0,-993.0,9665.0,83,58,-50,-549,-58,99,-827,-31.0,-9.0,39.0,-886.0,-3019.0,9075.0,98,38,-48,900,-126,107,-402,-8.0,5.0,47.0,425.0,-675.0,-7733.0,34,32,-28,51,-885,-461,-4
-1292310228,-10.0,20.0,-98.0,2006.0,-991.0,9652.0,82,59,-50,-549,-58,99,-827,-31.0,-9.0,39.0,-887.0,-3015.0,9072.0,98,38,-46,900,-126,107,-402,-8.0,5.0,47.0,423.0,-675.0,-7737.0,33,32,-28,51,-885,-461,-4
-1292298800,-10.0,20.0,-98.0,2006.0,-993.0,9652.0,83,58,-51,-549,-58,99,-827,-31.0,-9.0,39.0,-890.0,-3014.0,9068.0,97,39,-47,900,-126,107,-402,-8.0,5.0,47.0,420.0,-672.0,-7746.0,34,31,-28,51,-885,-461,-4
-1292278768,-10.0,20.0,-98.0,2010.0,-993.0,9655.0,82,59,-49,-549,-58,99,-827,-31.0,-9.0,39.0,-889.0,-3012.0,9074.0,98,38,-48,900,-126,107,-402,-8.0,5.0,47.0,419.0,-672.0,-7751.0,34,32,-29,51,-885,-461,-4
-1292269768,-10.0,20.0,-98.0,2010.0,-993.0,9655.0,84,59,-50,-549,-58,99,-827,-31.0,-9.0,39.0,-888.0,-3009.0,9086.0,97,38,-48,900,-126,107,-402,-8.0,5.0,47.0,428.0,-667.0,-7741.0,33,31,-27,51,-885,-461,-4
-1292249780,-10.0,20.0,-98.0,2008.0,-995.0,9668.0,82,59,-50,-549,-58,99,-827,-31.0,-9.0,39.0,-884.0,-3010.0,9087.0,97,38,-47,900,-126,107,-402,-8.0,5.0,47.0,429.0,-669.0,-7741.0,33,32,-28,51,-885,-461,-4
-1292238336,-10.0,20.0,-98.0,2008.0,-996.0,9665.0,83,59,-49,-549,-58,99,-827,-31.0,-9.0,39.0,-885.0,-3009.0,9076.0,98,38,-47,900,-126,107,-402,-8.0,5.0,47.0,424.0,-670.0,-7736.0,34,32,-29,51,-885,-461,-4
-1292218320,-10.0,20.0,-98.0,2011.0,-997.0,9669.0,83,60,-50,-549,-58,99,-827,-31.0,-9.0,39.0,-886.0,-3010.0,9074.0,96,38,-48,900,-126,107,-402,-8.0,5.0,47.0,422.0,-673.0,-7735.0,34,31,-28,51,-885,-461,-4
-1292209320,-10.0,20.0,-98.0,2011.0,-993.0,9668.0,82,60,-50,-549,-58,99,-827,-31.0,-9.0,39.0,-884.0,-3015.0,9069.0,97,37,-48,900,-126,107,-402,-8.0,5.0,47.0,421.0,-674.0,-7737.0,33,32,-28,51,-885,-461,-4
-1292189312,-10.0,20.0,-98.0,2014.0,-988.0,9664.0,83,58,-50,-549,-58,99,-827,-31.0,-9.0,39.0,-882.0,-3013.0,9069.0,99,38,-47,900,-126,107,-402,-8.0,5.0,47.0,425.0,-675.0,-7740.0,32,31,-28,51,-885,-461,-4
-1292180292,-10.0,20.0,-98.0,2012.0,-988.0,9666.0,82,59,-50,-549,-58,99,-827,-31.0,-9.0,39.0,-881.0,-3008.0,9078.0,97,38,-48,900,-126,107,-402,-8.0,5.0,47.0,424.0,-680.0,-7739.0,34,33,-29,51,-885,-461,-4
-1292160272,-10.0,20.0,-98.0,2011.0,-990.0,9657.0,83,58,-51,-549,-58,99,-827,-31.0,-9.0,39.0,-886.0,-3007.0,9070.0,98,37,-47,900,-126,107,-402,-8.0,5.0,47.0,423.0,-682.0,-7739.0,33,32,-28,51,-885,-461,-4
-1292148832,-10.0,20.0,-98.0,2015.0,-990.0,9655.0,83,58,-49,-549,-58,99,-827,-31.0,-9.0,39.0,-888.0,-3012.0,9066.0,98,37,-48,900,-126,107,-402,-8.0,5.0,47.0,422.0,-680.0,-7743.0,33,31,-28,51,-885,-461,-4
-1292128832,-10.0,20.0,-98.0,2017.0,-988.0,9660.0,82,60,-50,-549,-58,99,-827,-31.0,-9.0,39.0,-881.0,-3019.0,9062.0,98,38,-48,900,-126,107,-402,-8.0,5.0,47.0,420.0,-680.0,-7737.0,34,32,-29,51,-885,-461,-4
-1292119820,-10.0,20.0,-98.0,2015.0,-988.0,9661.0,83,60,-50,-549,-58,99,-827,-31.0,-9.0,39.0,-882.0,-3017.0,9056.0,98,38,-47,900,-126,107,-402,-8.0,5.0,47.0,424.0,-678.0,-7745.0,34,32,-28,51,-885,-461,-4
-1292099804,-10.0,20.0,-98.0,2014.0,-988.0,9666.0,83,59,-49,-549,-58,99,-827,-31.0,-9.0,39.0,-887.0,-3019.0,9060.0,96,37,-47,900,-126,107,-402,-8.0,5.0,47.0,424.0,-676.0,-7741.0,33,32,-28,51,-885,-461,-4
-1292088380,-10.0,20.0,-98.0,2016.0,-988.0,9666.0,83,58,-49,-549,-58,99,-827,-31.0,-9.0,39.0,-885.0,-3018.0,9056.0,98,38,-47,900,-126,107,-402,-8.0,5.0,47.0,423.0,-677.0,-7738.0,34,32,-28,51,-885,-461,-4
-1292068380,-10.0,20.0,-98.0,2017.0,-987.0,9662.0,83,59,-50,-549,-58,99,-827,-31.0,-9.0,39.0,-877.0,-3014.0,9055.0,97,38,-47,900,-126,107,-402,-8.0,5.0,47.0,423.0,-676.0,-7734.0,33,32,-28,51,-885,-461,-4
-1292059360,-10.0,20.0,-98.0,2017.0,-983.0,9662.0,83,60,-50,-549,-58,99,-827,-31.0,-9.0,39.0,-881.0,-3008.0,9055.0,98,37,-47,900,-126,107,-402,-8.0,5.0,47.0,418.0,-671.0,-7739.0,34,33,-29,51,-885,-461,-4
-1292039380,-10.0,20.0,-98.0,2017.0,-984.0,9664.0,83,58,-50,-549,-58,99,-827,-31.0,-9.0,39.0,-882.0,-3006.0,9061.0,98,38,-47,900,-126,107,-402,-8.0,5.0,47.0,420.0,-673.0,-7737.0,34,32,-29,51,-885,-461,-4
-1292030372,-10.0,20.0,-98.0,2015.0,-987.0,9664.0,83,60,-50,-549,-58,99,-827,-31.0,-9.0,39.0,-883.0,-3009.0,9058.0,98,38,-48,900,-126,107,-402,-8.0,5.0,47.0,423.0,-673.0,-7731.0,35,31,-29,51,-885,-461,-4
-1292010372,-10.0,20.0,-98.0,2009.0,-985.0,9668.0,83,59,-50,-549,-58,99,-827,-31.0,-9.0,39.0,-890.0,-3012.0,9067.0,97,39,-47,900,-126,107,-402,-8.0,5.0,47.0,425.0,-674.0,-7735.0,33,32,-28,51,-885,-461,-4
-1291998944,-10.0,20.0,-98.0,2011.0,-987.0,9661.0,83,59,-50,-549,-58,98,-827,-31.0,-9.0,39.0,-893.0,-3013.0,9068.0,98,39,-47,900,-126,107,-402,-8.0,5.0,47.0,423.0,-676.0,-7739.0,34,32,-28,51,-885,-461,-4
-1291978944,-10.0,20.0,-98.0,2015.0,-982.0,9657.0,83,59,-50,-549,-58,98,-827,-31.0,-9.0,39.0,-890.0,-3012.0,9072.0,98,38,-47,900,-126,107,-402,-8.0,5.0,47.0,424.0,-675.0,-7739.0,34,33,-29,51,-885,-461,-4
-1291969944,-10.0,20.0,-98.0,2014.0,-986.0,9658.0,83,58,-49,-549,-58,98,-827,-31.0,-9.0,39.0,-890.0,-3014.0,9073.0,97,38,-47,900,-126,107,-402,-8.0,5.0,47.0,426.0,-670.0,-7735.0,33,32,-29,51,-885,-461,-4
-1291949940,-10.0,20.0,-98.0,2007.0,-989.0,9651.0,84,60,-50,-549,-58,98,-827,-31.0,-9.0,39.0,-887.0,-3017.0,9069.0,98,39,-47,900,-126,107,-402,-8.0,5.0,47.0,425.0,-667.0,-7736.0,33,32,-29,51,-885,-461,-4
-1291938508,-10.0,20.0,-98.0,2008.0,-988.0,9652.0,82,60,-51,-549,-58,98,-827,-31.0,-9.0,39.0,-887.0,-3017.0,9068.0,97,38,-48,900,-126,107,-402,-8.0,5.0,47.0,428.0,-672.0,-7735.0,34,31,-28,51,-885,-461,-4
-1291918524,-10.0,20.0,-98.0,2015.0,-994.0,9663.0,83,60,-50,-549,-58,98,-827,-31.0,-9.0,39.0,-879.0,-3010.0,9067.0,97,38,-49,900,-126,107,-402,-8.0,5.0,47.0,428.0,-672.0,-7735.0,35,31,-28,51,-885,-461,-4
-1291909512,-10.0,20.0,-98.0,2011.0,-995.0,9659.0,83,59,-50,-549,-58,98,-827,-31.0,-9.0,39.0,-883.0,-3012.0,9064.0,97,38,-48,900,-126,107,-402,-8.0,5.0,47.0,429.0,-676.0,-7729.0,33,31,-28,51,-885,-461,-4
-1291889480,-10.0,20.0,-98.0,2012.0,-990.0,9657.0,84,60,-50,-549,-58,98,-827,-31.0,-9.0,39.0,-888.0,-3008.0,9066.0,97,38,-48,900,-126,107,-402,-8.0,5.0,47.0,427.0,-675.0,-7729.0,34,33,-28,51,-885,-461,-4
-1291880480,-10.0,20.0,-98.0,2009.0,-988.0,9657.0,83,58,-50,-549,-58,98,-827,-31.0,-9.0,39.0,-888.0,-3007.0,9062.0,98,37,-48,900,-126,107,-402,-8.0,5.0,47.0,424.0,-678.0,-7739.0,34,32,-28,51,-885,-461,-4
-1291860472,-10.0,20.0,-98.0,2019.0,-987.0,9666.0,83,58,-49,-549,-58,98,-827,-31.0,-9.0,39.0,-886.0,-3006.0,9070.0,98,39,-47,900,-126,107,-402,-8.0,5.0,47.0,426.0,-679.0,-7737.0,33,32,-28,51,-885,-461,-4
-1291849024,-10.0,20.0,-98.0,2016.0,-990.0,9664.0,83,58,-49,-549,-58,98,-827,-31.0,-9.0,39.0,-889.0,-3007.0,9060.0,98,39,-47,900,-126,107,-402,-8.0,5.0,47.0,431.0,-675.0,-7741.0,33,31,-29,51,-885,-461,-4
-1291829012,-10.0,20.0,-98.0,2020.0,-986.0,9656.0,83,59,-50,-549,-58,98,-827,-31.0,-9.0,39.0,-887.0,-3013.0,9056.0,98,39,-47,900,-126,107,-402,-8.0,5.0,47.0,428.0,-672.0,-7735.0,34,32,-27,51,-885,-461,-4
-1291820008,-10.0,20.0,-98.0,2016.0,-984.0,9660.0,82,60,-50,-549,-58,98,-827,-31.0,-9.0,39.0,-884.0,-3012.0,9061.0,96,39,-47,900,-126,107,-402,-8.0,5.0,47.0,428.0,-678.0,-7735.0,33,32,-29,51,-885,-461,-4
-1291800004,-10.0,20.0,-98.0,2012.0,-983.0,9656.0,83,59,-50,-549,-57,98,-827,-31.0,-9.0,39.0,-888.0,-3006.0,9064.0,98,38,-48,900,-126,107,-402,-8.0,5.0,47.0,429.0,-676.0,-7738.0,34,32,-29,51,-885,-461,-4
-1291788568,-10.0,20.0,-98.0,2012.0,-984.0,9654.0,83,59,-49,-549,-57,98,-827,-31.0,-9.0,39.0,-889.0,-3008.0,9063.0,98,38,-47,900,-126,107,-402,-8.0,5.0,47.0,432.0,-675.0,-7736.0,33,32,-29,51,-885,-461,-4
-1291768544,-10.0,20.0,-98.0,2009.0,-985.0,9652.0,84,58,-49,-549,-57,98,-827,-31.0,-9.0,39.0,-891.0,-3007.0,9055.0,98,39,-46,900,-126,107,-402,-8.0,5.0,47.0,433.0,-683.0,-7735.0,34,32,-29,51,-885,-461,-4
-1291759544,-10.0,20.0,-98.0,2012.0,-985.0,9653.0,83,59,-50,-549,-57,98,-827,-31.0,-9.0,39.0,-890.0,-3011.0,9054.0,97,37,-48,900,-126,107,-402,-8.0,5.0,47.0,431.0,-683.0,-7739.0,34,32,-29,51,-885,-461,-4
-1291739520,-10.0,20.0,-98.0,2006.0,-986.0,9657.0,83,58,-51,-549,-57,98,-827,-31.0,-9.0,39.0,-887.0,-3016.0,9061.0,98,38,-48,900,-126,107,-402,-8.0,5.0,47.0,431.0,-678.0,-7738.0,34,32,-28,51,-885,-461,-4
-1291730512,-10.0,20.0,-98.0,2008.0,-991.0,9656.0,83,59,-50,-549,-57,98,-827,-31.0,-9.0,39.0,-884.0,-3013.0,9058.0,98,37,-48,900,-126,107,-402,-8.0,5.0,47.0,432.0,-675.0,-7736.0,34,31,-28,51,-885,-461,-4
-1291710492,-10.0,20.0,-98.0,2015.0,-991.0,9653.0,84,59,-49,-549,-57,98,-827,-31.0,-9.0,39.0,-885.0,-3015.0,9059.0,98,38,-48,900,-126,107,-402,-8.0,5.0,47.0,434.0,-676.0,-7736.0,34,33,-28,51,-885,-461,-4
-1291699068,-10.0,20.0,-98.0,2012.0,-990.0,9656.0,83,59,-49,-549,-57,98,-827,-31.0,-9.0,39.0,-883.0,-3014.0,9060.0,97,39,-47,900,-126,107,-402,-8.0,5.0,47.0,435.0,-677.0,-7734.0,33,32,-28,51,-885,-461,-4
-1291679060,-10.0,20.0,-98.0,2011.0,-995.0,9663.0,84,59,-50,-549,-57,98,-827,-31.0,-9.0,39.0,-880.0,-3011.0,9071.0,97,38,-47,900,-126,107,-402,-8.0,5.0,47.0,434.0,-678.0,-7729.0,34,33,-28,51,-885,-461,-4
-1291670044,-10.0,20.0,-98.0,2007.0,-997.0,9656.0,83,59,-49,-549,-57,98,-827,-31.0,-9.0,39.0,-883.0,-3009.0,9074.0,97,37,-47,900,-126,107,-402,-8.0,5.0,47.0,428.0,-679.0,-7732.0,33,32,-29,51,-885,-461,-4
-1291650024,-10.0,20.0,-98.0,2008.0,-994.0,9657.0,83,58,-51,-549,-57,98,-827,-31.0,-9.0,39.0,-887.0,-3007.0,9073.0,97,38,-47,900,-126,107,-402,-8.0,5.0,47.0,430.0,-677.0,-7739.0,33,32,-29,51,-885,-461,-4
-1291638592,-10.0,20.0,-98.0,2003.0,-995.0,9656.0,82,59,-50,-549,-57,98,-827,-31.0,-9.0,39.0,-886.0,-3012.0,9067.0,96,39,-47,900,-126,107,-402,-8.0,5.0,47.0,429.0,-675.0,-7742.0,34,31,-28,51,-885,-461,-4
-1291618572,-10.0,20.0,-98.0,2010.0,-992.0,9657.0,83,61,-49,-549,-57,98,-827,-31.0,-9.0,39.0,-884.0,-3014.0,9061.0,97,37,-48,900,-126,107,-402,-8.0,5.0,47.0,431.0,-676.0,-7741.0,35,32,-28,51,-885,-461,-4
-1291609548,-10.0,20.0,-98.0,2012.0,-991.0,9662.0,83,59,-49,-549,-57,98,-827,-31.0,-9.0,39.0,-885.0,-3016.0,9062.0,97,38,-47,900,-126,107,-402,-8.0,5.0,47.0,431.0,-675.0,-7743.0,33,32,-29,51,-885,-461,-4
-1291589532,-10.0,20.0,-98.0,2014.0,-987.0,9660.0,83,58,-49,-549,-57,98,-827,-31.0,-9.0,39.0,-888.0,-3012.0,9066.0,97,37,-47,900,-126,107,-402,-8.0,5.0,47.0,426.0,-680.0,-7749.0,34,32,-28,51,-885,-461,-4
-1291580524,-10.0,20.0,-98.0,2013.0,-987.0,9654.0,83,59,-50,-549,-57,98,-827,-31.0,-9.0,39.0,-884.0,-3013.0,9069.0,98,38,-47,900,-126,107,-402,-8.0,5.0,47.0,425.0,-681.0,-7741.0,33,32,-30,51,-885,-461,-4
-1291560520,-10.0,20.0,-98.0,2014.0,-985.0,9660.0,82,59,-49,-549,-57,98,-827,-31.0,-9.0,39.0,-891.0,-3010.0,9068.0,96,39,-48,900,-126,107,-402,-8.0,5.0,47.0,424.0,-684.0,-7745.0,34,33,-28,51,-885,-461,-4
-1291549072,-10.0,20.0,-98.0,2014.0,-987.0,9651.0,83,58,-50,-549,-57,98,-827,-31.0,-9.0,39.0,-896.0,-3007.0,9066.0,98,37,-47,900,-126,107,-402,-8.0,5.0,47.0,430.0,-683.0,-7746.0,35,33,-28,51,-885,-461,-4
-1291529060,-10.0,20.0,-98.0,2014.0,-989.0,9652.0,84,59,-50,-549,-57,98,-827,-31.0,-9.0,39.0,-894.0,-3009.0,9070.0,98,38,-47,900,-126,107,-402,-8.0,5.0,47.0,433.0,-679.0,-7738.0,33,33,-29,51,-885,-461,-4
-1291520056,-10.0,20.0,-98.0,2015.0,-990.0,9649.0,83,59,-50,-549,-57,98,-827,-31.0,-9.0,39.0,-889.0,-3009.0,9066.0,97,39,-46,900,-126,107,-402,-8.0,5.0,47.0,428.0,-676.0,-7732.0,33,32,-29,51,-885,-461,-4
-1291500064,-10.0,20.0,-98.0,2016.0,-986.0,9647.0,82,59,-50,-549,-57,98,-827,-31.0,-9.0,39.0,-892.0,-3017.0,9068.0,98,36,-47,900,-126,107,-402,-8.0,5.0,47.0,432.0,-675.0,-7728.0,33,32,-29,51,-885,-461,-4
-1291488624,-10.0,20.0,-98.0,2016.0,-987.0,9649.0,83,59,-50,-549,-57,98,-827,-31.0,-9.0,39.0,-890.0,-3017.0,9065.0,96,38,-48,900,-126,107,-402,-8.0,5.0,47.0,429.0,-672.0,-7737.0,33,31,-27,51,-885,-461,-4
-1291468608,-10.0,20.0,-98.0,2018.0,-988.0,9653.0,83,59,-49,-549,-57,98,-827,-31.0,-9.0,39.0,-890.0,-3013.0,9063.0,98,39,-48,900,-126,107,-402,-8.0,5.0,47.0,429.0,-673.0,-7747.0,34,31,-28,51,-885,-461,-4
-1291459596,-10.0,20.0,-98.0,2014.0,-989.0,9652.0,83,59,-49,-549,-57,98,-827,-31.0,-9.0,39.0,-885.0,-3010.0,9065.0,98,38,-47,900,-126,107,-402,-8.0,5.0,47.0,427.0,-674.0,-7742.0,35,32,-29,51,-885,-461,-4
-1291439572,-10.0,20.0,-98.0,2019.0,-988.0,9654.0,83,59,-50,-549,-57,98,-827,-31.0,-9.0,39.0,-883.0,-3015.0,9058.0,98,39,-47,900,-126,107,-402,-8.0,5.0,47.0,426.0,-675.0,-7743.0,34,33,-29,51,-885,-461,-4
-1291430568,-10.0,20.0,-98.0,2021.0,-984.0,9656.0,83,57,-49,-549,-57,98,-827,-31.0,-9.0,39.0,-882.0,-3016.0,9057.0,97,38,-47,900,-126,107,-402,-8.0,5.0,47.0,432.0,-674.0,-7744.0,34,31,-28,51,-885,-461,-4
-1291410536,-10.0,20.0,-98.0,2017.0,-987.0,9663.0,83,58,-50,-549,-57,98,-827,-31.0,-9.0,39.0,-888.0,-3014.0,9067.0,98,38,-48,900,-126,107,-402,-8.0,5.0,47.0,431.0,-674.0,-7741.0,33,32,-29,51,-885,-461,-4
-1291399108,-10.0,20.0,-98.0,2015.0,-986.0,9663.0,82,59,-50,-549,-57,98,-827,-31.0,-9.0,39.0,-886.0,-3012.0,9068.0,97,38,-47,900,-126,107,-402,-8.0,5.0,47.0,430.0,-673.0,-7741.0,34,33,-29,51,-885,-461,-4
-1291379112,-10.0,20.0,-98.0,2012.0,-988.0,9667.0,82,59,-50,-549,-57,98,-827,-31.0,-9.0,39.0,-888.0,-3011.0,9064.0,96,37,-47,900,-126,107,-402,-8.0,5.0,47.0,429.0,-675.0,-7735.0,33,31,-29,51,-885,-461,-4
-1291370100,-10.0,20.0,-98.0,2012.0,-988.0,9662.0,82,58,-49,-549,-57,98,-827,-31.0,-9.0,39.0,-887.0,-3013.0,9068.0,98,38,-48,900,-126,107,-402,-8.0,5.0,47.0,431.0,-674.0,-7732.0,34,32,-28,51,-885,-461,-4
-1291350076,-10.0,20.0,-98.0,2013.0,-986.0,9653.0,83,59,-49,-549,-57,98,-827,-31.0,-9.0,39.0,-890.0,-3014.0,9070.0,97,38,-47,900,-126,107,-402,-8.0,5.0,47.0,429.0,-672.0,-7731.0,34,33,-29,51,-885,-461,-4
-1291338652,-10.0,20.0,-98.0,2012.0,-986.0,9654.0,83,58,-50,-549,-57,98,-827,-31.0,-9.0,39.0,-896.0,-3017.0,9068.0,97,37,-47,900,-126,107,-402,-8.0,5.0,47.0,428.0,-673.0,-7734.0,33,33,-29,51,-885,-461,-4
-1291318640,-9.0,20.0,-98.0,2011.0,-984.0,9652.0,83,60,-50,-549,-57,98,-827,-31.0,-9.0,39.0,-888.0,-3014.0,9062.0,98,39,-48,900,-126,107,-402,-8.0,5.0,47.0,430.0,-675.0,-7743.0,33,32,-28,51,-885,-461,-4
-1291309628,-9.0,20.0,-98.0,2011.0,-980.0,9656.0,84,59,-51,-549,-57,98,-827,-31.0,-9.0,39.0,-887.0,-3014.0,9065.0,97,39,-48,900,-126,107,-402,-8.0,5.0,47.0,435.0,-677.0,-7734.0,34,31,-28,51,-885,-461,-4
-1291289584,-9.0,20.0,-98.0,2013.0,-989.0,9653.0,83,59,-51,-549,-57,98,-827,-31.0,-9.0,39.0,-888.0,-3020.0,9063.0,97,37,-47,900,-126,107,-402,-8.0,5.0,47.0,431.0,-677.0,-7732.0,33,31,-27,51,-885,-461,-4
-1291280580,-9.0,20.0,-98.0,2011.0,-989.0,9655.0,84,60,-50,-549,-57,98,-827,-31.0,-9.0,39.0,-889.0,-3018.0,9065.0,97,37,-47,900,-126,107,-402,-8.0,5.0,47.0,426.0,-681.0,-7738.0,34,32,-29,51,-885,-461,-4
-1291260576,-10.0,20.0,-98.0,2014.0,-995.0,9659.0,83,60,-50,-549,-57,98,-827,-31.0,-9.0,39.0,-887.0,-3019.0,9066.0,98,38,-48,900,-126,107,-402,-8.0,5.0,47.0,424.0,-679.0,-7738.0,34,31,-28,51,-885,-461,-4
-1291249136,-10.0,20.0,-98.0,2013.0,-990.0,9658.0,83,59,-50,-549,-57,98,-827,-31.0,-9.0,39.0,-889.0,-3015.0,9069.0,97,38,-47,900,-126,107,-402,-8.0,5.0,47.0,423.0,-680.0,-7742.0,34,32,-27,51,-885,-461,-4
-1291229136,-10.0,20.0,-98.0,2013.0,-990.0,9656.0,83,59,-50,-549,-57,98,-827,-31.0,-9.0,39.0,-889.0,-3010.0,9068.0,98,37,-47,900,-126,107,-402,-8.0,5.0,47.0,427.0,-677.0,-7739.0,34,32,-28,51,-885,-461,-4
-1291220136,-10.0,20.0,-98.0,2015.0,-990.0,9655.0,83,58,-51,-549,-57,98,-827,-31.0,-9.0,39.0,-885.0,-3006.0,9063.0,98,38,-47,900,-126,107,-402,-8.0,5.0,47.0,426.0,-677.0,-7739.0,33,32,-28,51,-885,-461,-4
-1291200132,-10.0,20.0,-98.0,2013.0,-990.0,9658.0,83,59,-51,-549,-57,98,-827,-31.0,-9.0,39.0,-889.0,-3004.0,9059.0,97,37,-47,900,-126,107,-402,-8.0,5.0,47.0,427.0,-672.0,-7743.0,33,32,-28,51,-885,-461,-4
-1291188692,-10.0,20.0,-98.0,2016.0,-985.0,9660.0,82,58,-49,-549,-57,98,-827,-31.0,-9.0,39.0,-890.0,-3007.0,9070.0,97,38,-47,900,-126,107,-402,-8.0,5.0,47.0,428.0,-674.0,-7741.0,34,32,-30,51,-885,-461,-4
-1291168700,-10.0,20.0,-98.0,2012.0,-986.0,9659.0,82,58,-51,-549,-57,98,-827,-31.0,-9.0,39.0,-890.0,-3007.0,9072.0,98,37,-48,900,-126,107,-402,-8.0,5.0,47.0,425.0,-679.0,-7743.0,34,33,-28,51,-885,-461,-4
-1291159704,-10.0,20.0,-98.0,2015.0,-986.0,9668.0,82,60,-50,-549,-57,98,-827,-31.0,-9.0,39.0,-883.0,-3011.0,9075.0,97,38,-48,900,-126,107,-402,-8.0,5.0,47.0,421.0,-675.0,-7739.0,34,32,-29,51,-885,-461,-4
-1291139704,-10.0,20.0,-98.0,2015.0,-990.0,9659.0,84,58,-50,-549,-57,98,-827,-31.0,-9.0,39.0,-886.0,-3013.0,9074.0,97,38,-48,900,-126,107,-402,-8.0,5.0,47.0,424.0,-676.0,-7734.0,33,33,-29,51,-885,-461,-4
-1291130688,-10.0,20.0,-98.0,2014.0,-990.0,9660.0,83,58,-50,-549,-57,98,-827,-31.0,-9.0,39.0,-886.0,-3009.0,9068.0,97,37,-48,900,-126,107,-402,-8.0,5.0,47.0,430.0,-671.0,-7729.0,33,32,-28,51,-885,-461,-4
-1291110656,-10.0,20.0,-98.0,2011.0,-991.0,9657.0,83,60,-50,-549,-57,98,-827,-31.0,-9.0,39.0,-886.0,-3007.0,9061.0,97,39,-47,900,-126,107,-402,-8.0,5.0,47.0,424.0,-672.0,-7727.0,34,31,-27,51,-885,-461,-4
-1291099224,-10.0,20.0,-98.0,2010.0,-992.0,9660.0,83,58,-50,-549,-57,98,-827,-31.0,-9.0,39.0,-883.0,-3007.0,9059.0,97,37,-47,900,-126,107,-402,-8.0,5.0,47.0,427.0,-674.0,-7736.0,33,32,-28,51,-885,-461,-4
-1291079232,-9.0,20.0,-98.0,2010.0,-988.0,9656.0,83,59,-51,-549,-57,98,-827,-31.0,-9.0,39.0,-882.0,-3011.0,9054.0,96,39,-47,900,-126,107,-402,-8.0,5.0,47.0,427.0,-672.0,-7740.0,32,32,-28,51,-885,-461,-4
-1291070220,-9.0,20.0,-98.0,2012.0,-990.0,9654.0,82,58,-49,-549,-57,98,-827,-31.0,-9.0,39.0,-887.0,-3012.0,9060.0,98,37,-47,900,-126,107,-402,-8.0,5.0,47.0,430.0,-671.0,-7735.0,34,31,-29,51,-885,-461,-4
-1291050208,-9.0,20.0,-98.0,2017.0,-988.0,9655.0,82,58,-50,-549,-57,98,-827,-31.0,-9.0,39.0,-887.0,-3013.0,9063.0,98,38,-47,900,-126,107,-402,-8.0,5.0,47.0,424.0,-669.0,-7743.0,33,31,-28,51,-885,-461,-4
-1291038772,-9.0,20.0,-98.0,2012.0,-989.0,9659.0,83,58,-50,-549,-57,98,-827,-31.0,-9.0,39.0,-888.0,-3011.0,9065.0,98,38,-47,900,-126,107,-402,-8.0,5.0,47.0,426.0,-670.0,-7744.0,34,31,-29,51,-885,-461,-4
-1291018784,-9.0,20.0,-98.0,2017.0,-987.0,9659.0,82,59,-51,-549,-57,98,-827,-31.0,-9.0,39.0,-888.0,-3013.0,9071.0,98,37,-47,900,-126,107,-402,-8.0,5.0,47.0,426.0,-666.0,-7749.0,34,31,-29,51,-885,-461,-4
-1291009764,-9.0,20.0,-98.0,2014.0,-988.0,9662.0,83,59,-49,-549,-57,98,-827,-31.0,-9.0,39.0,-881.0,-3014.0,9076.0,97,39,-48,900,-126,107,-402,-8.0,5.0,47.0,433.0,-669.0,-7745.0,34,31,-29,51,-885,-461,-4
-1290989776,-9.0,20.0,-98.0,2014.0,-995.0,9664.0,83,60,-49,-549,-57,98,-827,-31.0,-9.0,39.0,-885.0,-3015.0,9072.0,98,39,-46,900,-126,107,-402,-8.0,5.0,47.0,436.0,-666.0,-7747.0,34,31,-29,51,-885,-461,-4
-1290980772,-9.0,20.0,-98.0,2009.0,-992.0,9667.0,83,60,-50,-549,-57,98,-827,-31.0,-9.0,39.0,-888.0,-3009.0,9067.0,97,37,-47,900,-126,107,-402,-8.0,5.0,47.0,432.0,-668.0,-7750.0,34,32,-28,51,-885,-461,-4
-1290960764,-10.0,20.0,-98.0,2009.0,-996.0,9655.0,84,59,-50,-549,-57,98,-827,-31.0,-9.0,39.0,-889.0,-3012.0,9064.0,97,38,-47,900,-126,107,-402,-8.0,5.0,47.0,426.0,-675.0,-7751.0,33,31,-29,51,-885,-461,-4
-1290949332,-10.0,20.0,-98.0,2009.0,-997.0,9648.0,82,59,-49,-549,-57,98,-827,-31.0,-9.0,39.0,-890.0,-3014.0,9060.0,97,37,-47,900,-126,107,-402,-8.0,5.0,47.0,424.0,-682.0,-7753.0,35,33,-28,51,-885,-461,-4
-1290929332,-10.0,20.0,-98.0,2011.0,-995.0,9654.0,83,59,-50,-549,-57,98,-827,-31.0,-9.0,39.0,-891.0,-3019.0,9061.0,97,38,-47,900,-126,107,-402,-8.0,5.0,47.0,428.0,-681.0,-7749.0,34,32,-30,51,-885,-461,-4
-1290920316,-10.0,20.0,-98.0,2009.0,-995.0,9653.0,82,59,-50,-549,-57,98,-827,-31.0,-9.0,39.0,-896.0,-3017.0,9060.0,97,39,-47,900,-126,107,-402,-8.0,5.0,47.0,431.0,-677.0,-7741.0,33,31,-29,51,-885,-461,-4
-1290900296,-10.0,20.0,-98.0,2014.0,-986.0,9653.0,83,59,-50,-549,-57,98,-827,-31.0,-9.0,39.0,-896.0,-3015.0,9062.0,97,37,-46,900,-126,107,-402,-8.0,5.0,47.0,426.0,-676.0,-7737.0,33,33,-29,51,-885,-461,-4
-1290888876,-10.0,20.0,-98.0,2016.0,-986.0,9657.0,83,59,-50,-549,-57,98,-827,-31.0,-9.0,39.0,-893.0,-3017.0,9062.0,97,39,-47,900,-126,107,-402,-8.0,5.0,47.0,433.0,-673.0,-7741.0,34,32,-30,51,-885,-461,-4
-1290868872,-9.0,20.0,-98.0,2008.0,-983.0,9655.0,84,59,-50,-549,-57,98,-827,-31.0,-9.0,39.0,-895.0,-3021.0,9068.0,97,38,-48,900,-126,107,-402,-8.0,5.0,47.0,437.0,-673.0,-7739.0,34,31,-28,51,-885,-461,-4
-1290859868,-9.0,20.0,-98.0,2010.0,-981.0,9652.0,83,58,-49,-549,-57,98,-827,-31.0,-9.0,39.0,-892.0,-3016.0,9067.0,98,38,-47,900,-126,107,-402,-8.0,5.0,47.0,431.0,-671.0,-7737.0,34,32,-28,51,-885,-461,-4
-1290839852,-9.0,20.0,-98.0,2009.0,-992.0,9653.0,82,59,-50,-549,-57,98,-827,-31.0,-9.0,39.0,-890.0,-3012.0,9062.0,96,38,-48,900,-126,107,-402,-8.0,5.0,47.0,430.0,-676.0,-7737.0,33,32,-29,51,-885,-461,-4
-1290830832,-9.0,20.0,-98.0,2011.0,-988.0,9652.0,82,58,-50,-549,-57,98,-827,-31.0,-9.0,39.0,-891.0,-3010.0,9066.0,97,38,-48,900,-126,107,-402,-8.0,5.0,47.0,431.0,-676.0,-7740.0,34,31,-30,51,-885,-461,-4
-1290810820,-9.0,20.0,-98.0,2009.0,-987.0,9651.0,83,59,-50,-549,-57,98,-827,-31.0,-9.0,39.0,-888.0,-3011.0,9068.0,97,38,-46,900,-126,107,-402,-8.0,5.0,47.0,432.0,-678.0,-7741.0,34,32,-29,51,-885,-461,-4
-1290799388,-9.0,20.0,-98.0,2008.0,-991.0,9657.0,83,59,-49,-549,-57,98,-827,-31.0,-9.0,39.0,-887.0,-3009.0,9066.0,97,38,-47,900,-126,107,-402,-8.0,5.0,47.0,431.0,-673.0,-7734.0,34,31,-29,51,-885,-461,-4
-1290779360,-10.0,20.0,-98.0,2011.0,-992.0,9658.0,83,60,-49,-549,-57,98,-827,-31.0,-9.0,39.0,-886.0,-3008.0,9069.0,97,38,-46,900,-126,107,-402,-8.0,5.0,47.0,427.0,-674.0,-7737.0,34,32,-28,51,-885,-461,-4
-1290770360,-10.0,20.0,-98.0,2009.0,-991.0,9656.0,83,59,-50,-549,-57,98,-827,-31.0,-9.0,39.0,-879.0,-3017.0,9066.0,97,38,-47,900,-126,107,-402,-8.0,5.0,47.0,424.0,-673.0,-7732.0,34,31,-28,51,-885,-461,-4
-1290750352,-10.0,20.0,-98.0,2014.0,-990.0,9659.0,82,59,-50,-549,-57,98,-827,-31.0,-9.0,39.0,-880.0,-3016.0,9060.0,98,40,-47,900,-126,107,-402,-8.0,5.0,47.0,427.0,-671.0,-7731.0,34,32,-29,51,-885,-461,-4
-1290738912,-10.0,20.0,-98.0,2011.0,-991.0,9656.0,83,58,-50,-549,-57,98,-827,-31.0,-9.0,39.0,-879.0,-3017.0,9060.0,97,38,-47,900,-126,107,-402,-8.0,5.0,47.0,429.0,-675.0,-7731.0,35,31,-29,51,-885,-461,-4
-1290718896,-10.0,20.0,-98.0,2011.0,-992.0,9653.0,82,59,-49,-549,-57,98,-827,-31.0,-9.0,39.0,-884.0,-3016.0,9055.0,97,39,-48,900,-126,107,-402,-8.0,5.0,47.0,428.0,-677.0,-7734.0,33,32,-28,51,-885,-461,-4
-1290709884,-10.0,20.0,-98.0,2014.0,-991.0,9653.0,83,59,-50,-549,-57,98,-827,-31.0,-9.0,39.0,-887.0,-3011.0,9063.0,96,39,-47,900,-126,107,-402,-8.0,5.0,47.0,424.0,-678.0,-7725.0,34,32,-28,51,-885,-461,-4
-1290689876,-10.0,20.0,-98.0,2014.0,-995.0,9658.0,81,60,-50,-549,-57,98,-827,-31.0,-9.0,39.0,-888.0,-3012.0,9062.0,97,38,-47,900,-126,107,-402,-8.0,5.0,47.0,424.0,-677.0,-7728.0,33,31,-29,51,-885,-461,-4
-1290680864,-10.0,20.0,-98.0,2010.0,-991.0,9661.0,83,60,-49,-549,-57,98,-827,-31.0,-9.0,39.0,-882.0,-3017.0,9058.0,97,39,-48,900,-126,107,-402,-8.0,5.0,47.0,426.0,-668.0,-7730.0,33,32,-28,51,-885,-461,-4
-1290660844,-9.0,20.0,-98.0,2010.0,-985.0,9664.0,83,58,-50,-549,-57,98,-827,-31.0,-9.0,39.0,-880.0,-3013.0,9058.0,97,38,-47,900,-126,107,-402,-8.0,5.0,47.0,424.0,-670.0,-7730.0,34,30,-28,51,-885,-461,-4
-1290649412,-9.0,20.0,-98.0,2014.0,-989.0,9669.0,83,60,-51,-549,-57,98,-827,-31.0,-9.0,39.0,-881.0,-3014.0,9066.0,97,38,-47,900,-126,107,-402,-8.0,5.0,47.0,428.0,-680.0,-7735.0,34,32,-29,51,-885,-461,-4
-1290629388,-9.0,20.0,-98.0,2019.0,-986.0,9676.0,83,58,-51,-549,-57,98,-827,-31.0,-9.0,39.0,-880.0,-3013.0,9067.0,97,38,-47,900,-126,107,-402,-8.0,5.0,47.0,431.0,-682.0,-7734.0,35,32,-27,51,-885,-461,-4
-1290620368,-9.0,20.0,-98.0,2020.0,-985.0,9671.0,82,59,-50,-549,-57,98,-827,-31.0,-9.0,39.0,-882.0,-3014.0,9058.0,98,38,-48,900,-126,107,-402,-8.0,5.0,47.0,427.0,-680.0,-7744.0,34,31,-29,51,-885,-461,-4
-1290600348,-9.0,20.0,-98.0,2014.0,-980.0,9667.0,83,59,-50,-549,-57,98,-827,-31.0,-9.0,39.0,-883.0,-3012.0,9057.0,98,37,-48,900,-126,107,-402,-8.0,5.0,47.0,427.0,-678.0,-7747.0,33,32,-28,51,-885,-461,-4
-1290588912,-9.0,20.0,-98.0,2014.0,-981.0,9666.0,83,60,-49,-549,-57,98,-827,-31.0,-9.0,39.0,-886.0,-3010.0,9058.0,97,39,-47,900,-126,107,-402,-8.0,5.0,47.0,423.0,-676.0,-7750.0,34,31,-29,51,-885,-461,-4
-1290568924,-9.0,20.0,-98.0,2018.0,-989.0,9662.0,83,58,-51,-549,-57,98,-827,-31.0,-9.0,39.0,-885.0,-3011.0,9065.0,96,38,-47,900,-126,107,-402,-8.0,5.0,47.0,423.0,-675.0,-7743.0,34,31,-29,51,-885,-461,-4
-1290559920,-9.0,20.0,-98.0,2021.0,-987.0,9654.0,82,59,-51,-549,-57,98,-827,-31.0,-9.0,39.0,-891.0,-3011.0,9068.0,98,38,-48,900,-126,107,-402,-8.0,5.0,47.0,424.0,-673.0,-7743.0,34,31,-27,51,-885,-461,-4
-1290539896,-9.0,20.0,-98.0,2017.0,-980.0,9658.0,82,58,-51,-549,-57,98,-827,-31.0,-9.0,39.0,-886.0,-3012.0,9068.0,97,37,-47,900,-126,107,-402,-8.0,5.0,47.0,427.0,-671.0,-7742.0,34,31,-28,51,-885,-461,-4
-1290530892,-9.0,20.0,-98.0,2017.0,-983.0,9659.0,83,58,-50,-549,-57,98,-827,-31.0,-9.0,39.0,-890.0,-3012.0,9057.0,98,38,-47,900,-126,107,-402,-8.0,5.0,47.0,427.0,-674.0,-7743.0,34,31,-29,51,-885,-461,-4
-1290510896,-9.0,20.0,-98.0,2019.0,-988.0,9662.0,81,59,-50,-549,-57,98,-827,-31.0,-9.0,39.0,-886.0,-3011.0,9054.0,97,38,-47,900,-126,107,-402,-8.0,5.0,47.0,426.0,-676.0,-7745.0,34,32,-28,51,-885,-461,-4
-1290499452,-9.0,20.0,-98.0,2017.0,-987.0,9664.0,83,59,-50,-549,-57,98,-827,-31.0,-9.0,39.0,-891.0,-3013.0,9055.0,98,37,-47,900,-126,107,-402,-8.0,5.0,47.0,424.0,-675.0,-7737.0,34,32,-28,51,-885,-461,-4
-1290479436,-9.0,20.0,-98.0,2015.0,-990.0,9665.0,83,60,-50,-549,-57,98,-827,-31.0,-9.0,39.0,-893.0,-3013.0,9054.0,98,38,-47,900,-126,107,-402,-8.0,5.0,47.0,424.0,-674.0,-7745.0,34,31,-29,51,-885,-461,-4
-1290470432,-9.0,20.0,-98.0,2017.0,-988.0,9670.0,83,57,-49,-549,-57,98,-827,-31.0,-9.0,39.0,-890.0,-3014.0,9047.0,97,37,-48,900,-126,107,-402,-8.0,5.0,47.0,426.0,-675.0,-7745.0,34,33,-28,51,-885,-461,-4
-1290450428,-9.0,20.0,-98.0,2012.0,-991.0,9663.0,82,59,-50,-549,-57,98,-827,-31.0,-9.0,39.0,-890.0,-3012.0,9051.0,98,38,-48,900,-126,107,-402,-8.0,5.0,47.0,423.0,-673.0,-7743.0,34,32,-29,51,-885,-461,-4
-1290438996,-9.0,20.0,-98.0,2013.0,-994.0,9660.0,83,58,-50,-549,-57,98,-827,-31.0,-9.0,39.0,-885.0,-3009.0,9054.0,98,37,-47,900,-126,107,-402,-8.0,5.0,47.0,430.0,-678.0,-7741.0,34,32,-29,51,-885,-461,-4
-1290419000,-9.0,20.0,-98.0,2011.0,-991.0,9656.0,83,58,-50,-549,-57,98,-827,-31.0,-9.0,39.0,-887.0,-3015.0,9057.0,98,38,-48,900,-126,107,-402,-8.0,5.0,47.0,425.0,-678.0,-7737.0,34,31,-29,51,-885,-461,-4
-1290409992,-9.0,20.0,-98.0,2012.0,-993.0,9657.0,83,59,-50,-549,-57,98,-827,-31.0,-9.0,39.0,-886.0,-3016.0,9065.0,97,38,-47,900,-126,107,-402,-8.0,5.0,47.0,431.0,-676.0,-7741.0,34,33,-29,51,-885,-461,-4
-1290389972,-9.0,20.0,-98.0,2016.0,-992.0,9658.0,83,59,-50,-549,-57,98,-827,-31.0,-9.0,39.0,-891.0,-3015.0,9066.0,98,38,-47,900,-126,107,-402,-8.0,5.0,47.0,430.0,-676.0,-7744.0,32,32,-28,51,-885,-461,-4
-1290380972,-9.0,20.0,-98.0,2016.0,-996.0,9658.0,83,59,-51,-549,-57,98,-827,-31.0,-9.0,39.0,-885.0,-3017.0,9069.0,97,37,-48,900,-126,107,-402,-8.0,5.0,47.0,431.0,-675.0,-7740.0,33,32,-29,51,-885,-461,-4
-1290360936,-9.0,20.0,-98.0,2018.0,-993.0,9663.0,83,59,-50,-549,-57,98,-827,-31.0,-9.0,39.0,-883.0,-3016.0,9074.0,96,38,-47,900,-126,107,-402,-8.0,5.0,47.0,431.0,-673.0,-7737.0,33,33,-28,51,-885,-461,-4
-1290349508,-9.0,20.0,-98.0,2017.0,-991.0,9661.0,83,58,-50,-549,-57,98,-827,-31.0,-9.0,39.0,-885.0,-3016.0,9065.0,97,38,-48,900,-126,107,-402,-8.0,5.0,47.0,431.0,-670.0,-7741.0,34,32,-29,51,-885,-461,-4
-1290329508,-9.0,20.0,-98.0,2016.0,-990.0,9665.0,82,59,-51,-549,-57,98,-827,-31.0,-9.0,39.0,-891.0,-3014.0,9064.0,97,38,-48,900,-126,107,-402,-8.0,5.0,47.0,429.0,-670.0,-7743.0,34,32,-28,51,-885,-461,-4
-1290320484,-9.0,20.0,-98.0,2016.0,-992.0,9663.0,83,59,-50,-549,-57,98,-827,-31.0,-9.0,39.0,-888.0,-3014.0,9062.0,96,38,-48,900,-126,107,-402,-8.0,5.0,47.0,428.0,-674.0,-7741.0,34,33,-28,51,-885,-461,-4
-1290300460,-9.0,20.0,-98.0,2015.0,-995.0,9667.0,83,60,-50,-549,-57,98,-827,-31.0,-9.0,39.0,-888.0,-3016.0,9057.0,97,37,-47,900,-126,107,-402,-8.0,5.0,47.0,427.0,-677.0,-7736.0,34,32,-28,51,-885,-461,-4
-1290289040,-9.0,20.0,-98.0,2015.0,-996.0,9671.0,83,59,-50,-549,-57,98,-827,-31.0,-9.0,39.0,-886.0,-3012.0,9053.0,98,37,-47,900,-126,107,-402,-8.0,5.0,47.0,425.0,-680.0,-7739.0,34,32,-29,51,-885,-461,-4
-1290269040,-9.0,20.0,-98.0,2020.0,-994.0,9658.0,83,59,-49,-549,-57,98,-827,-31.0,-9.0,39.0,-888.0,-3014.0,9056.0,97,38,-48,900,-126,107,-402,-8.0,5.0,47.0,425.0,-680.0,-7739.0,34,33,-28,51,-885,-461,-4
-1290260032,-9.0,20.0,-98.0,2021.0,-994.0,9657.0,82,58,-50,-549,-57,98,-827,-31.0,-9.0,39.0,-888.0,-3011.0,9058.0,97,37,-48,900,-126,107,-402,-8.0,5.0,47.0,422.0,-674.0,-7746.0,34,32,-29,51,-885,-461,-4
-1290240012,-9.0,20.0,-98.0,2022.0,-994.0,9661.0,83,58,-50,-549,-57,98,-827,-31.0,-9.0,39.0,-888.0,-3010.0,9062.0,98,38,-47,900,-126,107,-402,-8.0,5.0,47.0,422.0,-677.0,-7745.0,33,33,-29,51,-885,-461,-4
-1290230992,-10.0,20.0,-98.0,2024.0,-996.0,9662.0,83,59,-50,-549,-57,98,-827,-31.0,-9.0,39.0,-886.0,-3009.0,9064.0,98,37,-46,900,-126,107,-402,-8.0,5.0,47.0,425.0,-678.0,-7736.0,34,30,-28,51,-885,-461,-4
-1290211004,-9.0,20.0,-98.0,2018.0,-992.0,9662.0,84,59,-49,-549,-57,98,-827,-31.0,-9.0,39.0,-884.0,-3007.0,9065.0,97,38,-48,900,-126,107,-402,-8.0,5.0,47.0,424.0,-674.0,-7737.0,34,32,-28,51,-885,-461,-4
-1290199584,-9.0,20.0,-98.0,2017.0,-990.0,9661.0,84,58,-50,-549,-57,98,-827,-31.0,-9.0,39.0,-888.0,-3012.0,9063.0,98,39,-47,900,-126,107,-402,-8.0,5.0,47.0,424.0,-676.0,-7739.0,33,31,-28,51,-885,-461,-4
-1290179572,-9.0,20.0,-98.0,2021.0,-983.0,9656.0,83,58,-50,-549,-57,98,-827,-31.0,-9.0,39.0,-890.0,-3014.0,9065.0,97,38,-48,900,-126,107,-402,-8.0,5.0,47.0,428.0,-677.0,-7739.0,33,33,-29,51,-885,-461,-4
-1290170568,-9.0,20.0,-98.0,2021.0,-982.0,9654.0,84,58,-51,-549,-57,98,-827,-31.0,-9.0,39.0,-890.0,-3021.0,9066.0,98,37,-47,900,-126,107,-402,-8.0,5.0,47.0,425.0,-671.0,-7732.0,33,32,-29,51,-885,-461,-4
-1290150572,-9.0,20.0,-98.0,2018.0,-981.0,9656.0,82,61,-50,-549,-57,98,-827,-31.0,-9.0,39.0,-886.0,-3017.0,9063.0,97,39,-47,900,-126,107,-402,-8.0,5.0,47.0,426.0,-674.0,-7735.0,34,33,-28,51,-885,-461,-4
-1290139128,-9.0,20.0,-98.0,2013.0,-984.0,9658.0,82,59,-51,-549,-57,98,-827,-31.0,-9.0,39.0,-884.0,-3019.0,9055.0,97,38,-47,900,-126,107,-402,-8.0,5.0,47.0,428.0,-672.0,-7734.0,33,32,-29,51,-885,-461,-4
-1290119112,-9.0,20.0,-98.0,2019.0,-987.0,9662.0,83,59,-50,-549,-57,98,-827,-31.0,-9.0,39.0,-883.0,-3013.0,9056.0,97,37,-47,900,-126,107,-402,-8.0,5.0,47.0,428.0,-676.0,-7737.0,33,32,-28,51,-885,-461,-4
-1290110108,-9.0,20.0,-98.0,2020.0,-988.0,9662.0,83,58,-51,-549,-57,98,-827,-31.0,-9.0,39.0,-887.0,-3018.0,9066.0,97,39,-47,900,-126,107,-402,-8.0,5.0,47.0,432.0,-676.0,-7731.0,34,32,-27,51,-885,-461,-4
-1290090084,-9.0,20.0,-98.0,2015.0,-990.0,9663.0,83,59,-50,-549,-57,98,-827,-31.0,-9.0,39.0,-888.0,-3021.0,9075.0,97,38,-47,900,-126,107,-402,-8.0,5.0,47.0,431.0,-676.0,-7737.0,34,32,-29,51,-885,-461,-4
-1290081068,-9.0,20.0,-98.0,2014.0,-993.0,9660.0,83,58,-50,-549,-57,98,-827,-31.0,-9.0,39.0,-890.0,-3019.0,9073.0,96,37,-47,900,-126,107,-402,-8.0,5.0,47.0,433.0,-670.0,-7735.0,33,31,-28,51,-885,-461,-4
-1290061032,-9.0,20.0,-98.0,2004.0,-995.0,9662.0,82,59,-49,-549,-57,98,-827,-31.0,-9.0,39.0,-885.0,-3015.0,9067.0,98,38,-47,900,-126,107,-402,-8.0,5.0,47.0,433.0,-669.0,-7734.0,34,32,-29,51,-885,-461,-4
-1290049600,-9.0,20.0,-98.0,2005.0,-995.0,9661.0,83,58,-50,-549,-57,98,-827,-31.0,-9.0,39.0,-890.0,-3018.0,9067.0,97,37,-47,900,-126,107,-402,-8.0,5.0,47.0,433.0,-667.0,-7741.0,34,32,-28,51,-885,-461,-4
-1290029596,-9.0,20.0,-98.0,2003.0,-990.0,9658.0,83,58,-50,-549,-57,98,-827,-31.0,-9.0,39.0,-887.0,-3016.0,9071.0,97,37,-48,900,-126,107,-402,-8.0,5.0,47.0,432.0,-670.0,-7738.0,35,33,-28,51,-885,-461,-4
-1290020576,-9.0,20.0,-98.0,2008.0,-991.0,9657.0,83,59,-49,-549,-57,98,-827,-31.0,-9.0,39.0,-887.0,-3016.0,9064.0,97,38,-48,900,-126,107,-402,-8.0,5.0,47.0,424.0,-669.0,-7736.0,33,32,-28,51,-885,-461,-4
-1290000560,-9.0,20.0,-98.0,2009.0,-994.0,9659.0,83,57,-49,-549,-57,98,-827,-31.0,-9.0,39.0,-886.0,-3011.0,9068.0,98,38,-47,900,-126,107,-402,-8.0,5.0,47.0,424.0,-673.0,-7744.0,33,31,-28,51,-885,-461,-4
